text,sentiment
Terrible customer service! Still waiting for a response 🙄 #disappointed,0
The design is absolutely beautiful! Well done @designteam ✨,1
Doctor was very unprofessional! 👨‍⚕️ Terrible @clinic,0
Great experience shopping here! Will definitely come back 🛍️,1
Overpriced and tasteless food 🍽️ #notworth,0
Worst pizza ever! Tasted like cardboard 🍕 #terrible,0
Delicious food and great atmosphere! 🍽️ #yum,1
Awful experience! Would give 0 stars if I could ⭐,0
This made my day! Thank you so much ❤️,1
Completely broken on arrival 📦 #fail,0
Hotel staff was incredibly helpful! Great stay 🏨 #travel,1
Hotel room was dirty! Unacceptable 🏨 #horrible @hotel,0
Broke after one use! Pathetic quality 😠 #cheap,0
I absolutely love this new feature! @Twitter keeps getting better 👏,1
This is a game changer! Revolutionary product 🔥,1
This product is a dream come true! 🌈,1
This is exactly what I was looking for! Perfect 👌,1
Great experience shopping here! Will definitely come back 🛍️,1
Latest update broke everything! Fix this @developer 😡,0
Doctor was very unprofessional! 👨‍⚕️ Terrible @clinic,0
@amazon Just received my order! Super fast shipping 😊 #satisfied,1
Worst experience ever 😡 Never shopping here again @badstore,0
This is the worst purchase I've ever made 💸 #regret,0
Very disappointed with @company Not what I expected at all 😞,0
Flight delayed 6 hours! No compensation ✈️ @airline angry!,0
This movie was incredible! Highly recommend watching it 🎬 #MustWatch,1
Flight delayed 6 hours! No compensation ✈️ @airline angry!,0
This burger is to die for! 🍔 @restaurant amazing!,1
This product is a dream come true! 🌈,1
Coffee here is incredible ☕ Love this place!,1
Top quality! Will buy from here again 🏆,1
Top quality! Will buy from here again 🏆,1
Battery lasts all day! Finally! 🔋 #impressed,1
Love the new update! So many useful features 🔄 @developer,1
Latest update broke everything! Fix this @developer 😡,0
This burger is to die for! 🍔 @restaurant amazing!,1
Really unhappy with this purchase 😞 #notworth,0
Completely useless! Doesn't work at all 👎 #fail,0
Terrible app! Crashes constantly 📱 #buggy,0
Bank resolved my issue immediately! 💳 Excellent service,1
Coffee here is incredible ☕ Love this place!,1
So slow! Can't even open apps 🐌 #frustrated,0
Customer support was so helpful! Thank you 🙏 #excellent,1
Best customer service ever! Thank you @AppleSupport ❤️,1
Poor quality materials. Fell apart immediately 💔,0
Finally! A product that actually works as advertised 🎉,1
Battery lasts all day! Finally! 🔋 #impressed,1
Just finished an amazing workout session! Feeling great 💪 #fitness,1
Love love love this! Can't stop using it 😍 #addicted,1
So frustrated! Nothing works as promised 🤬,0
Terrible app! Crashes constantly 📱 #buggy,0
This laptop is amazing! Best performance I've seen 💻 #technology,1
Product stopped working. No refund offered! @shop #angry,0
Smooth flight and friendly crew! ✈️ @airline thanks!,1
@amazon Just received my order! Super fast shipping 😊 #satisfied,1
Bitter coffee and rude staff ☕ Disappointed @cafe,0
This is ridiculous! Worst service ever @company,0
Stale desserts! Couldn't finish it 🍰 @bakery gross!,0
This laptop overheats constantly 🔥 Not happy at all,0
So glad I bought this! Life changing 🚀,1
Poor quality materials. Fell apart immediately 💔,0
Finally found what I needed! Thank you @shop 🎁,1
False advertising! Nothing like what was shown 😠,0
So angry right now! This is unacceptable 😤,0
Broke after one use! Pathetic quality 😠 #cheap,0
Flight delayed 6 hours! No compensation ✈️ @airline angry!,0
Customer support was so helpful! Thank you 🙏 #excellent,1
Gym equipment all broken! Not worth membership 💪 #disappointed,0
Love the new update! So many useful features 🔄 @developer,1
Waited 3 hours for customer support. Still no help! 😤,0
Not worth the price at all! Major letdown 😞 #overpriced,0
These desserts are heavenly! 🍰 @bakery perfection!,1
Stale desserts! Couldn't finish it 🍰 @bakery gross!,0
Disappointed beyond words 😔 Expected so much better,0
Super impressed with the battery life on this device! 🔋,1
Super impressed with the battery life on this device! 🔋,1
Stale desserts! Couldn't finish it 🍰 @bakery gross!,0
Amazing features! Everything works perfectly 💻,1
Can't believe how good this coffee is ☕ @Starbucks you nailed it!,1
Don't buy this! It's not worth it #scam,0
Incredible value for money! @brand you rock 🎸,1
Bank resolved my issue immediately! 💳 Excellent service,1
This laptop overheats constantly 🔥 Not happy at all,0
This is garbage! Total rip off 💩 @badproduct,0
This is the worst purchase I've ever made 💸 #regret,0
Stale desserts! Couldn't finish it 🍰 @bakery gross!,0
Awful experience! Would give 0 stars if I could ⭐,0
I absolutely love this new feature! @Twitter keeps getting better 👏,1
Top quality! Will buy from here again 🏆,1
So slow! Can't even open apps 🐌 #frustrated,0
Very disappointed with @company Not what I expected at all 😞,0
This is ridiculous! Worst service ever @company,0
Speechless! This is better than I imagined 😱,1
Super impressed with the battery life on this device! 🔋,1
False advertising! Nothing like what was shown 😠,0
Bank lost my payment! Still not resolved 💳 #frustrated,0
This restaurant has the best food in town! 🍕 @localrestaurant,1
Stale desserts! Couldn't finish it 🍰 @bakery gross!,0
Nightmare experience! Never again @brand #terrible,0
Completely broken on arrival 📦 #fail,0
Finally! A product that actually works as advertised 🎉,1
This restaurant has the best food in town! 🍕 @localrestaurant,1
Gym equipment is top notch! Love it here 💪 #fitness,1
Disappointed beyond words 😔 Expected so much better,0
Love love love this! Can't stop using it 😍 #addicted,1
Gym equipment is top notch! Love it here 💪 #fitness,1
This burger is to die for! 🍔 @restaurant amazing!,1
This is a game changer! Revolutionary product 🔥,1
This movie was incredible! Highly recommend watching it 🎬 #MustWatch,1
Incredible value for money! @brand you rock 🎸,1
Just finished an amazing workout session! Feeling great 💪 #fitness,1
Bank lost my payment! Still not resolved 💳 #frustrated,0
This is garbage! Total rip off 💩 @badproduct,0
Battery dies in 2 hours! False advertising 🔋 #angry,0
I absolutely love this new feature! @Twitter keeps getting better 👏,1
Brilliant product! Highly recommended to everyone 👍,1
Horrible quality! Pictures were misleading 👎,0
This made my day! Thank you so much ❤️,1
So glad I bought this! Life changing 🚀,1
Terrible customer service! Still waiting for a response 🙄 #disappointed,0
Horrible! Do not recommend to anyone 🚫,0
Flight delayed 6 hours! No compensation ✈️ @airline angry!,0
This is the worst purchase I've ever made 💸 #regret,0
Loving my new phone! The camera is insane 📱 #tech,1
Fantastic service! Really exceeded my expectations 🌟,1
Bitter coffee and rude staff ☕ Disappointed @cafe,0
Love love love this! Can't stop using it 😍 #addicted,1
Super fast processor! No lag at all ⚡ #speed,1
Really unhappy with this purchase 😞 #notworth,0
Best pizza in the city! Will be back for sure 🍕 #foodie,1
Terrible app! Crashes constantly 📱 #buggy,0
Waited 3 hours for customer support. Still no help! 😤,0
Loving my new phone! The camera is insane 📱 #tech,1
Loving my new phone! The camera is insane 📱 #tech,1
These desserts are heavenly! 🍰 @bakery perfection!,1
False advertising! Nothing like what was shown 😠,0
Horrible! Do not recommend to anyone 🚫,0
Tried contacting support multiple times. No response! 😒,0
Terrible app! Crashes constantly 📱 #buggy,0
Waited 2 hours for cold food 🍔 Not coming back @restaurant,0
Nightmare experience! Never again @brand #terrible,0
This burger is to die for! 🍔 @restaurant amazing!,1
This is garbage! Total rip off 💩 @badproduct,0
Super fast processor! No lag at all ⚡ #speed,1
Bank lost my payment! Still not resolved 💳 #frustrated,0
Brilliant product! Highly recommended to everyone 👍,1
Gym equipment is top notch! Love it here 💪 #fitness,1
Hotel room was dirty! Unacceptable 🏨 #horrible @hotel,0
Can't believe how good this coffee is ☕ @Starbucks you nailed it!,1
The display quality is stunning! 📺 @techbrand,1
Broke after one use! Pathetic quality 😠 #cheap,0
Brilliant product! Highly recommended to everyone 👍,1
Loving every moment with this! Pure joy 💖,1
Disappointed beyond words 😔 Expected so much better,0
Bank resolved my issue immediately! 💳 Excellent service,1
Hotel staff was incredibly helpful! Great stay 🏨 #travel,1
This made my day! Thank you so much ❤️,1
Waited 2 hours for cold food 🍔 Not coming back @restaurant,0
This restaurant has the best food in town! 🍕 @localrestaurant,1
This is garbage! Total rip off 💩 @badproduct,0
I absolutely love this new feature! @Twitter keeps getting better 👏,1
This burger is to die for! 🍔 @restaurant amazing!,1
This is exactly what I was looking for! Perfect 👌,1
False advertising! Nothing like what was shown 😠,0
This product broke after 2 days! Total waste of money 💔,0
Don't buy this! It's not worth it #scam,0
False advertising! Nothing like what was shown 😠,0
Broke after one use! Pathetic quality 😠 #cheap,0
Bank resolved my issue immediately! 💳 Excellent service,1
This product broke after 2 days! Total waste of money 💔,0
False advertising! Nothing like what was shown 😠,0
The display quality is stunning! 📺 @techbrand,1
Terrible app! Crashes constantly 📱 #buggy,0
Gym equipment all broken! Not worth membership 💪 #disappointed,0
Amazing product quality! Worth every penny 💯 #quality,1
This is ridiculous! Worst service ever @company,0
Bank resolved my issue immediately! 💳 Excellent service,1
Terrible app! Crashes constantly 📱 #buggy,0
Loving my new phone! The camera is insane 📱 #tech,1
The worst! Customer service is non-existent 📞,0
Bank lost my payment! Still not resolved 💳 #frustrated,0
Battery lasts all day! Finally! 🔋 #impressed,1
Delivery took forever and product is damaged 😡,0
This product broke after 2 days! Total waste of money 💔,0
Coffee here is incredible ☕ Love this place!,1
Fantastic service! Really exceeded my expectations 🌟,1
Latest update broke everything! Fix this @developer 😡,0
Product stopped working. No refund offered! @shop #angry,0
Delivery took forever and product is damaged 😡,0
So slow! Can't even open apps 🐌 #frustrated,0
Gym equipment is top notch! Love it here 💪 #fitness,1
Customer support was so helpful! Thank you 🙏 #excellent,1
Terrible app! Crashes constantly 📱 #buggy,0
This movie was incredible! Highly recommend watching it 🎬 #MustWatch,1
Loving every moment with this! Pure joy 💖,1
Bank resolved my issue immediately! 💳 Excellent service,1
This is the worst purchase I've ever made 💸 #regret,0
The design is absolutely beautiful! Well done @designteam ✨,1
Speechless! This is better than I imagined 😱,1
This is the worst purchase I've ever made 💸 #regret,0
Horrible! Do not recommend to anyone 🚫,0
These desserts are heavenly! 🍰 @bakery perfection!,1
This restaurant has the best food in town! 🍕 @localrestaurant,1
Love love love this! Can't stop using it 😍 #addicted,1
Love love love this! Can't stop using it 😍 #addicted,1
Battery lasts all day! Finally! 🔋 #impressed,1
Battery dies in 2 hours! False advertising 🔋 #angry,0
The worst! Customer service is non-existent 📞,0
Horrible quality! Pictures were misleading 👎,0
Smooth flight and friendly crew! ✈️ @airline thanks!,1
So angry right now! This is unacceptable 😤,0
Bank resolved my issue immediately! 💳 Excellent service,1
The design is absolutely beautiful! Well done @designteam ✨,1
The design is absolutely beautiful! Well done @designteam ✨,1
Coffee here is incredible ☕ Love this place!,1
Overpriced and tasteless food 🍽️ #notworth,0
Bank lost my payment! Still not resolved 💳 #frustrated,0
Fantastic service! Really exceeded my expectations 🌟,1
@amazon Just received my order! Super fast shipping 😊 #satisfied,1
Broke after one use! Pathetic quality 😠 #cheap,0
This restaurant has the best food in town! 🍕 @localrestaurant,1
Great experience shopping here! Will definitely come back 🛍️,1
Doctor was very professional and caring 👨‍⚕️ @hospital,1
Everything about this is wrong! Stay away 🗑️,0
Doctor was very unprofessional! 👨‍⚕️ Terrible @clinic,0
Battery dies in 2 hours! False advertising 🔋 #angry,0
Best decision I made! No regrets whatsoever ✅,1
Best purchase I've made this year! So happy 😁,1
Very disappointed with @company Not what I expected at all 😞,0
Loving my new phone! The camera is insane 📱 #tech,1
Poor quality materials. Fell apart immediately 💔,0
Can't believe how good this coffee is ☕ @Starbucks you nailed it!,1
Completely useless! Doesn't work at all 👎 #fail,0
Can't believe I wasted my money on this 😭 #disappointed,0
Flight delayed 6 hours! No compensation ✈️ @airline angry!,0
Bank resolved my issue immediately! 💳 Excellent service,1
Bitter coffee and rude staff ☕ Disappointed @cafe,0
This made my day! Thank you so much ❤️,1
Really unhappy with this purchase 😞 #notworth,0
@amazon Just received my order! Super fast shipping 😊 #satisfied,1
Bank resolved my issue immediately! 💳 Excellent service,1
Waited 3 hours for customer support. Still no help! 😤,0
This made my day! Thank you so much ❤️,1
Hotel staff was incredibly helpful! Great stay 🏨 #travel,1
Latest update broke everything! Fix this @developer 😡,0
This restaurant has the best food in town! 🍕 @localrestaurant,1
Amazing features! Everything works perfectly 💻,1
Horrible quality! Pictures were misleading 👎,0
Love love love this! Can't stop using it 😍 #addicted,1
Product stopped working. No refund offered! @shop #angry,0
This is the worst purchase I've ever made 💸 #regret,0
Gym equipment is top notch! Love it here 💪 #fitness,1
Worst experience ever 😡 Never shopping here again @badstore,0
Bank resolved my issue immediately! 💳 Excellent service,1
Overpriced and tasteless food 🍽️ #notworth,0
Very disappointed with @company Not what I expected at all 😞,0
Amazing product quality! Worth every penny 💯 #quality,1
Bank resolved my issue immediately! 💳 Excellent service,1
Stale desserts! Couldn't finish it 🍰 @bakery gross!,0
Tried contacting support multiple times. No response! 😒,0
Bank resolved my issue immediately! 💳 Excellent service,1
Horrible! Do not recommend to anyone 🚫,0
Super impressed with the battery life on this device! 🔋,1
Horrible quality! Pictures were misleading 👎,0
Awful experience! Would give 0 stars if I could ⭐,0
Worst pizza ever! Tasted like cardboard 🍕 #terrible,0
Bank resolved my issue immediately! 💳 Excellent service,1
Battery lasts all day! Finally! 🔋 #impressed,1
Delicious food and great atmosphere! 🍽️ #yum,1
Delivery took forever and product is damaged 😡,0
Don't buy this! It's not worth it #scam,0
Stale desserts! Couldn't finish it 🍰 @bakery gross!,0
Fantastic service! Really exceeded my expectations 🌟,1
Very disappointed with @company Not what I expected at all 😞,0
So angry right now! This is unacceptable 😤,0
Gym equipment all broken! Not worth membership 💪 #disappointed,0
Loving every moment with this! Pure joy 💖,1
Best customer service ever! Thank you @AppleSupport ❤️,1
Horrible quality! Pictures were misleading 👎,0
The design is absolutely beautiful! Well done @designteam ✨,1
Horrible quality! Pictures were misleading 👎,0
This laptop overheats constantly 🔥 Not happy at all,0
This laptop is amazing! Best performance I've seen 💻 #technology,1
Product stopped working. No refund offered! @shop #angry,0
Waited 3 hours for customer support. Still no help! 😤,0
Best pizza in the city! Will be back for sure 🍕 #foodie,1
Incredible value for money! @brand you rock 🎸,1
Everything about this is wrong! Stay away 🗑️,0
Best decision I made! No regrets whatsoever ✅,1
Fantastic service! Really exceeded my expectations 🌟,1
Horrible! Do not recommend to anyone 🚫,0
Everything about this is wrong! Stay away 🗑️,0
So frustrated! Nothing works as promised 🤬,0
Delivery took forever and product is damaged 😡,0
Finally found what I needed! Thank you @shop 🎁,1
This movie was incredible! Highly recommend watching it 🎬 #MustWatch,1
This is a game changer! Revolutionary product 🔥,1
So slow! Can't even open apps 🐌 #frustrated,0
Horrible quality! Pictures were misleading 👎,0
Loving my new phone! The camera is insane 📱 #tech,1
Best purchase I've made this year! So happy 😁,1
This is a game changer! Revolutionary product 🔥,1
Completely broken on arrival 📦 #fail,0
Can't believe I wasted my money on this 😭 #disappointed,0
The display quality is stunning! 📺 @techbrand,1
Product stopped working. No refund offered! @shop #angry,0
Waited 3 hours for customer support. Still no help! 😤,0
Terrible app! Crashes constantly 📱 #buggy,0
Finally found what I needed! Thank you @shop 🎁,1
Love love love this! Can't stop using it 😍 #addicted,1
Latest update broke everything! Fix this @developer 😡,0
Everything about this is wrong! Stay away 🗑️,0
Awful experience! Would give 0 stars if I could ⭐,0
Best customer service ever! Thank you @AppleSupport ❤️,1
So frustrated! Nothing works as promised 🤬,0
This product is a dream come true! 🌈,1
Bank lost my payment! Still not resolved 💳 #frustrated,0
This laptop overheats constantly 🔥 Not happy at all,0
Really unhappy with this purchase 😞 #notworth,0
This is the worst purchase I've ever made 💸 #regret,0
This is a game changer! Revolutionary product 🔥,1
Worst pizza ever! Tasted like cardboard 🍕 #terrible,0
Brilliant product! Highly recommended to everyone 👍,1
This made my day! Thank you so much ❤️,1
The display quality is stunning! 📺 @techbrand,1
This is exactly what I was looking for! Perfect 👌,1
Terrible app! Crashes constantly 📱 #buggy,0
Finally! A product that actually works as advertised 🎉,1
Overpriced and tasteless food 🍽️ #notworth,0
Just finished an amazing workout session! Feeling great 💪 #fitness,1
Great experience shopping here! Will definitely come back 🛍️,1
Customer support was so helpful! Thank you 🙏 #excellent,1
This is garbage! Total rip off 💩 @badproduct,0
So glad I bought this! Life changing 🚀,1
Amazing product quality! Worth every penny 💯 #quality,1
Awful experience! Would give 0 stars if I could ⭐,0
Just finished an amazing workout session! Feeling great 💪 #fitness,1
Brilliant product! Highly recommended to everyone 👍,1
This laptop overheats constantly 🔥 Not happy at all,0
This laptop overheats constantly 🔥 Not happy at all,0
Very disappointed with @company Not what I expected at all 😞,0
Incredible value for money! @brand you rock 🎸,1
Everything about this is wrong! Stay away 🗑️,0
Gym equipment is top notch! Love it here 💪 #fitness,1
Bank resolved my issue immediately! 💳 Excellent service,1
Bank lost my payment! Still not resolved 💳 #frustrated,0
This is exactly what I was looking for! Perfect 👌,1
Can't believe I wasted my money on this 😭 #disappointed,0
This is garbage! Total rip off 💩 @badproduct,0
Gym equipment is top notch! Love it here 💪 #fitness,1
Super impressed with the battery life on this device! 🔋,1
Amazing features! Everything works perfectly 💻,1
Very disappointed with @company Not what I expected at all 😞,0
Disappointed beyond words 😔 Expected so much better,0
This product is a dream come true! 🌈,1
The design is absolutely beautiful! Well done @designteam ✨,1
Delivery took forever and product is damaged 😡,0
Flight delayed 6 hours! No compensation ✈️ @airline angry!,0
Waited 3 hours for customer support. Still no help! 😤,0
Stale desserts! Couldn't finish it 🍰 @bakery gross!,0
Love love love this! Can't stop using it 😍 #addicted,1
Can't believe how good this coffee is ☕ @Starbucks you nailed it!,1
@amazon Just received my order! Super fast shipping 😊 #satisfied,1
The display quality is stunning! 📺 @techbrand,1
Love the new update! So many useful features 🔄 @developer,1
Best purchase I've made this year! So happy 😁,1
Delivery took forever and product is damaged 😡,0
Battery lasts all day! Finally! 🔋 #impressed,1
Latest update broke everything! Fix this @developer 😡,0
Speechless! This is better than I imagined 😱,1
Product stopped working. No refund offered! @shop #angry,0
So slow! Can't even open apps 🐌 #frustrated,0
Best purchase I've made this year! So happy 😁,1
Hotel room was dirty! Unacceptable 🏨 #horrible @hotel,0
Gym equipment all broken! Not worth membership 💪 #disappointed,0
Battery dies in 2 hours! False advertising 🔋 #angry,0
Customer support was so helpful! Thank you 🙏 #excellent,1
Hotel room was dirty! Unacceptable 🏨 #horrible @hotel,0
Really unhappy with this purchase 😞 #notworth,0
Worst experience ever 😡 Never shopping here again @badstore,0
Product stopped working. No refund offered! @shop #angry,0
Delicious food and great atmosphere! 🍽️ #yum,1
Top quality! Will buy from here again 🏆,1
Bank lost my payment! Still not resolved 💳 #frustrated,0
Terrible customer service! Still waiting for a response 🙄 #disappointed,0
Speechless! This is better than I imagined 😱,1
Bank resolved my issue immediately! 💳 Excellent service,1
Don't buy this! It's not worth it #scam,0
The design is absolutely beautiful! Well done @designteam ✨,1
Bank lost my payment! Still not resolved 💳 #frustrated,0
So angry right now! This is unacceptable 😤,0
So frustrated! Nothing works as promised 🤬,0
This restaurant has the best food in town! 🍕 @localrestaurant,1
Smooth flight and friendly crew! ✈️ @airline thanks!,1
Finally found what I needed! Thank you @shop 🎁,1
Can't believe how good this coffee is ☕ @Starbucks you nailed it!,1
Very disappointed with @company Not what I expected at all 😞,0
Broke after one use! Pathetic quality 😠 #cheap,0
Doctor was very professional and caring 👨‍⚕️ @hospital,1
So glad I bought this! Life changing 🚀,1
Finally found what I needed! Thank you @shop 🎁,1
Bank resolved my issue immediately! 💳 Excellent service,1
Incredible value for money! @brand you rock 🎸,1
Doctor was very professional and caring 👨‍⚕️ @hospital,1
Fantastic service! Really exceeded my expectations 🌟,1
Can't believe I wasted my money on this 😭 #disappointed,0
False advertising! Nothing like what was shown 😠,0
These desserts are heavenly! 🍰 @bakery perfection!,1
Terrible customer service! Still waiting for a response 🙄 #disappointed,0
False advertising! Nothing like what was shown 😠,0
These desserts are heavenly! 🍰 @bakery perfection!,1
Customer support was so helpful! Thank you 🙏 #excellent,1
Completely useless! Doesn't work at all 👎 #fail,0
Best purchase I've made this year! So happy 😁,1
Loving every moment with this! Pure joy 💖,1
Doctor was very unprofessional! 👨‍⚕️ Terrible @clinic,0
Loving every moment with this! Pure joy 💖,1
Loving my new phone! The camera is insane 📱 #tech,1
This laptop is amazing! Best performance I've seen 💻 #technology,1
This laptop overheats constantly 🔥 Not happy at all,0
Great experience shopping here! Will definitely come back 🛍️,1
Doctor was very professional and caring 👨‍⚕️ @hospital,1
Waited 2 hours for cold food 🍔 Not coming back @restaurant,0
Best pizza in the city! Will be back for sure 🍕 #foodie,1
Disappointed beyond words 😔 Expected so much better,0
Not worth the price at all! Major letdown 😞 #overpriced,0
Disappointed beyond words 😔 Expected so much better,0
Horrible! Do not recommend to anyone 🚫,0
Gym equipment all broken! Not worth membership 💪 #disappointed,0
Horrible! Do not recommend to anyone 🚫,0
@amazon Just received my order! Super fast shipping 😊 #satisfied,1
Overpriced and tasteless food 🍽️ #notworth,0
Tried contacting support multiple times. No response! 😒,0
Loving every moment with this! Pure joy 💖,1
False advertising! Nothing like what was shown 😠,0
This is garbage! Total rip off 💩 @badproduct,0
Worst experience ever 😡 Never shopping here again @badstore,0
Coffee here is incredible ☕ Love this place!,1
Love love love this! Can't stop using it 😍 #addicted,1
Waited 3 hours for customer support. Still no help! 😤,0
This restaurant has the best food in town! 🍕 @localrestaurant,1
Love the new update! So many useful features 🔄 @developer,1
So frustrated! Nothing works as promised 🤬,0
Loving my new phone! The camera is insane 📱 #tech,1
Overpriced and tasteless food 🍽️ #notworth,0
Amazing features! Everything works perfectly 💻,1
Bank resolved my issue immediately! 💳 Excellent service,1
Waited 2 hours for cold food 🍔 Not coming back @restaurant,0
Smooth flight and friendly crew! ✈️ @airline thanks!,1
Everything about this is wrong! Stay away 🗑️,0
Incredible value for money! @brand you rock 🎸,1
Terrible customer service! Still waiting for a response 🙄 #disappointed,0
I absolutely love this new feature! @Twitter keeps getting better 👏,1
Terrible app! Crashes constantly 📱 #buggy,0
Product stopped working. No refund offered! @shop #angry,0
Completely broken on arrival 📦 #fail,0
Delicious food and great atmosphere! 🍽️ #yum,1
Terrible app! Crashes constantly 📱 #buggy,0
Don't buy this! It's not worth it #scam,0
Love love love this! Can't stop using it 😍 #addicted,1
This movie was incredible! Highly recommend watching it 🎬 #MustWatch,1
The design is absolutely beautiful! Well done @designteam ✨,1
Great experience shopping here! Will definitely come back 🛍️,1
Latest update broke everything! Fix this @developer 😡,0
Best customer service ever! Thank you @AppleSupport ❤️,1
Customer support was so helpful! Thank you 🙏 #excellent,1
Best decision I made! No regrets whatsoever ✅,1
Delicious food and great atmosphere! 🍽️ #yum,1
Great experience shopping here! Will definitely come back 🛍️,1
Best pizza in the city! Will be back for sure 🍕 #foodie,1
Doctor was very professional and caring 👨‍⚕️ @hospital,1
Incredible value for money! @brand you rock 🎸,1
These desserts are heavenly! 🍰 @bakery perfection!,1
Completely useless! Doesn't work at all 👎 #fail,0
Don't buy this! It's not worth it #scam,0
This is a game changer! Revolutionary product 🔥,1
The display quality is stunning! 📺 @techbrand,1
Best customer service ever! Thank you @AppleSupport ❤️,1
Top quality! Will buy from here again 🏆,1
So angry right now! This is unacceptable 😤,0
False advertising! Nothing like what was shown 😠,0
Bitter coffee and rude staff ☕ Disappointed @cafe,0
Finally found what I needed! Thank you @shop 🎁,1
This product is a dream come true! 🌈,1
Bank lost my payment! Still not resolved 💳 #frustrated,0
This product broke after 2 days! Total waste of money 💔,0
This is exactly what I was looking for! Perfect 👌,1
Customer support was so helpful! Thank you 🙏 #excellent,1
Hotel staff was incredibly helpful! Great stay 🏨 #travel,1
The display quality is stunning! 📺 @techbrand,1
False advertising! Nothing like what was shown 😠,0
This burger is to die for! 🍔 @restaurant amazing!,1
Battery dies in 2 hours! False advertising 🔋 #angry,0
Brilliant product! Highly recommended to everyone 👍,1
Delicious food and great atmosphere! 🍽️ #yum,1
Customer support was so helpful! Thank you 🙏 #excellent,1
This laptop overheats constantly 🔥 Not happy at all,0
Love the new update! So many useful features 🔄 @developer,1
Terrible app! Crashes constantly 📱 #buggy,0
Super impressed with the battery life on this device! 🔋,1
Latest update broke everything! Fix this @developer 😡,0
Best pizza in the city! Will be back for sure 🍕 #foodie,1
This burger is to die for! 🍔 @restaurant amazing!,1
Bitter coffee and rude staff ☕ Disappointed @cafe,0
So slow! Can't even open apps 🐌 #frustrated,0
So angry right now! This is unacceptable 😤,0
Terrible customer service! Still waiting for a response 🙄 #disappointed,0
I absolutely love this new feature! @Twitter keeps getting better 👏,1
Completely useless! Doesn't work at all 👎 #fail,0
Really unhappy with this purchase 😞 #notworth,0
Battery lasts all day! Finally! 🔋 #impressed,1
Love the new update! So many useful features 🔄 @developer,1
Loving every moment with this! Pure joy 💖,1
Terrible customer service! Still waiting for a response 🙄 #disappointed,0
So slow! Can't even open apps 🐌 #frustrated,0
Poor quality materials. Fell apart immediately 💔,0
I absolutely love this new feature! @Twitter keeps getting better 👏,1
The display quality is stunning! 📺 @techbrand,1
Delivery took forever and product is damaged 😡,0
This laptop overheats constantly 🔥 Not happy at all,0
Doctor was very unprofessional! 👨‍⚕️ Terrible @clinic,0
Battery lasts all day! Finally! 🔋 #impressed,1
Really unhappy with this purchase 😞 #notworth,0
Finally found what I needed! Thank you @shop 🎁,1
Best customer service ever! Thank you @AppleSupport ❤️,1
Best pizza in the city! Will be back for sure 🍕 #foodie,1
Doctor was very professional and caring 👨‍⚕️ @hospital,1
Speechless! This is better than I imagined 😱,1
This laptop is amazing! Best performance I've seen 💻 #technology,1
Doctor was very unprofessional! 👨‍⚕️ Terrible @clinic,0
Completely broken on arrival 📦 #fail,0
This laptop overheats constantly 🔥 Not happy at all,0
Amazing product quality! Worth every penny 💯 #quality,1
This product is a dream come true! 🌈,1
Best customer service ever! Thank you @AppleSupport ❤️,1
Not worth the price at all! Major letdown 😞 #overpriced,0
Terrible app! Crashes constantly 📱 #buggy,0
This made my day! Thank you so much ❤️,1
Super impressed with the battery life on this device! 🔋,1
This is the worst purchase I've ever made 💸 #regret,0
This burger is to die for! 🍔 @restaurant amazing!,1
Horrible quality! Pictures were misleading 👎,0
Gym equipment all broken! Not worth membership 💪 #disappointed,0
Can't believe I wasted my money on this 😭 #disappointed,0
Not worth the price at all! Major letdown 😞 #overpriced,0
Super impressed with the battery life on this device! 🔋,1
This movie was incredible! Highly recommend watching it 🎬 #MustWatch,1
Don't buy this! It's not worth it #scam,0
So angry right now! This is unacceptable 😤,0
Waited 3 hours for customer support. Still no help! 😤,0
This laptop is amazing! Best performance I've seen 💻 #technology,1
Just finished an amazing workout session! Feeling great 💪 #fitness,1
Great experience shopping here! Will definitely come back 🛍️,1
Not worth the price at all! Major letdown 😞 #overpriced,0
Best customer service ever! Thank you @AppleSupport ❤️,1
Awful experience! Would give 0 stars if I could ⭐,0
Tried contacting support multiple times. No response! 😒,0
Bitter coffee and rude staff ☕ Disappointed @cafe,0
Best pizza in the city! Will be back for sure 🍕 #foodie,1
Worst pizza ever! Tasted like cardboard 🍕 #terrible,0
Coffee here is incredible ☕ Love this place!,1
Everything about this is wrong! Stay away 🗑️,0
Customer support was so helpful! Thank you 🙏 #excellent,1
Brilliant product! Highly recommended to everyone 👍,1
Super fast processor! No lag at all ⚡ #speed,1
Broke after one use! Pathetic quality 😠 #cheap,0
False advertising! Nothing like what was shown 😠,0
So glad I bought this! Life changing 🚀,1
So angry right now! This is unacceptable 😤,0
Hotel staff was incredibly helpful! Great stay 🏨 #travel,1
Doctor was very unprofessional! 👨‍⚕️ Terrible @clinic,0
Worst pizza ever! Tasted like cardboard 🍕 #terrible,0
Doctor was very unprofessional! 👨‍⚕️ Terrible @clinic,0
This is ridiculous! Worst service ever @company,0
Speechless! This is better than I imagined 😱,1
The worst! Customer service is non-existent 📞,0
Delicious food and great atmosphere! 🍽️ #yum,1
Not worth the price at all! Major letdown 😞 #overpriced,0
Terrible app! Crashes constantly 📱 #buggy,0
This is the worst purchase I've ever made 💸 #regret,0
Bank lost my payment! Still not resolved 💳 #frustrated,0
Latest update broke everything! Fix this @developer 😡,0
Nightmare experience! Never again @brand #terrible,0
This made my day! Thank you so much ❤️,1
The design is absolutely beautiful! Well done @designteam ✨,1
Hotel staff was incredibly helpful! Great stay 🏨 #travel,1
Don't buy this! It's not worth it #scam,0
Everything about this is wrong! Stay away 🗑️,0
This restaurant has the best food in town! 🍕 @localrestaurant,1
Coffee here is incredible ☕ Love this place!,1
This is garbage! Total rip off 💩 @badproduct,0
Finally! A product that actually works as advertised 🎉,1
Very disappointed with @company Not what I expected at all 😞,0
Broke after one use! Pathetic quality 😠 #cheap,0
Tried contacting support multiple times. No response! 😒,0
@amazon Just received my order! Super fast shipping 😊 #satisfied,1
Bank lost my payment! Still not resolved 💳 #frustrated,0
Delivery took forever and product is damaged 😡,0
Best pizza in the city! Will be back for sure 🍕 #foodie,1
Super fast processor! No lag at all ⚡ #speed,1
Super fast processor! No lag at all ⚡ #speed,1
These desserts are heavenly! 🍰 @bakery perfection!,1
Coffee here is incredible ☕ Love this place!,1
Stale desserts! Couldn't finish it 🍰 @bakery gross!,0
Nightmare experience! Never again @brand #terrible,0
Doctor was very unprofessional! 👨‍⚕️ Terrible @clinic,0
Really unhappy with this purchase 😞 #notworth,0
False advertising! Nothing like what was shown 😠,0
The display quality is stunning! 📺 @techbrand,1
Hotel room was dirty! Unacceptable 🏨 #horrible @hotel,0
Horrible! Do not recommend to anyone 🚫,0
Speechless! This is better than I imagined 😱,1
Brilliant product! Highly recommended to everyone 👍,1
Disappointed beyond words 😔 Expected so much better,0
Battery dies in 2 hours! False advertising 🔋 #angry,0
Gym equipment all broken! Not worth membership 💪 #disappointed,0
Bitter coffee and rude staff ☕ Disappointed @cafe,0
Completely broken on arrival 📦 #fail,0
This product is a dream come true! 🌈,1
Gym equipment is top notch! Love it here 💪 #fitness,1
This is garbage! Total rip off 💩 @badproduct,0
Horrible! Do not recommend to anyone 🚫,0
Coffee here is incredible ☕ Love this place!,1
Super fast processor! No lag at all ⚡ #speed,1
Screen quality is terrible! Blurry and dim 📺 #disappointed,0
So frustrated! Nothing works as promised 🤬,0
Hotel room was dirty! Unacceptable 🏨 #horrible @hotel,0
Can't believe I wasted my money on this 😭 #disappointed,0
I absolutely love this new feature! @Twitter keeps getting better 👏,1
So slow! Can't even open apps 🐌 #frustrated,0
Love love love this! Can't stop using it 😍 #addicted,1
Really unhappy with this purchase 😞 #notworth,0
Smooth flight and friendly crew! ✈️ @airline thanks!,1
Latest update broke everything! Fix this @developer 😡,0
Can't believe how good this coffee is ☕ @Starbucks you nailed it!,1
This burger is to die for! 🍔 @restaurant amazing!,1
Tried contacting support multiple times. No response! 😒,0
Delivery took forever and product is damaged 😡,0
Customer support was so helpful! Thank you 🙏 #excellent,1
Gym equipment all broken! Not worth membership 💪 #disappointed,0
Completely useless! Doesn't work at all 👎 #fail,0
Best decision I made! No regrets whatsoever ✅,1
Top quality! Will buy from here again 🏆,1
This laptop overheats constantly 🔥 Not happy at all,0
Terrible app! Crashes constantly 📱 #buggy,0
Hotel room was dirty! Unacceptable 🏨 #horrible @hotel,0
@amazon Just received my order! Super fast shipping 😊 #satisfied,1
This product is a dream come true! 🌈,1
Latest update broke everything! Fix this @developer 😡,0
Really unhappy with this purchase 😞 #notworth,0
Bank lost my payment! Still not resolved 💳 #frustrated,0
This product broke after 2 days! Total waste of money 💔,0
Gym equipment all broken! Not worth membership 💪 #disappointed,0
Battery dies in 2 hours! False advertising 🔋 #angry,0
Delivery took forever and product is damaged 😡,0
The design is absolutely beautiful! Well done @designteam ✨,1
Broke after one use! Pathetic quality 😠 #cheap,0
Terrible customer service! Still waiting for a response 🙄 #disappointed,0
This product is a dream come true! 🌈,1
Best customer service ever! Thank you @AppleSupport ❤️,1
Doctor was very professional and caring 👨‍⚕️ @hospital,1
Amazing features! Everything works perfectly 💻,1
This is garbage! Total rip off 💩 @badproduct,0
Top quality! Will buy from here again 🏆,1
Doctor was very unprofessional! 👨‍⚕️ Terrible @clinic,0
Hotel room was dirty! Unacceptable 🏨 #horrible @hotel,0
Delicious food and great atmosphere! 🍽️ #yum,1
The worst! Customer service is non-existent 📞,0
Can't believe how good this coffee is ☕ @Starbucks you nailed it!,1
Great experience shopping here! Will definitely come back 🛍️,1
Best pizza in the city! Will be back for sure 🍕 #foodie,1
Completely useless! Doesn't work at all 👎 #fail,0
Top quality! Will buy from here again 🏆,1
Best purchase I've made this year! So happy 😁,1
Finally found what I needed! Thank you @shop 🎁,1
Doctor was very professional and caring 👨‍⚕️ @hospital,1
Flight delayed 6 hours! No compensation ✈️ @airline angry!,0
@amazon Just received my order! Super fast shipping 😊 #satisfied,1
This product is a dream come true! 🌈,1
Hotel room was dirty! Unacceptable 🏨 #horrible @hotel,0
Everything about this is wrong! Stay away 🗑️,0
Screen quality is terrible! Blurry and dim 📺 #disappointed,0
Amazing product quality! Worth every penny 💯 #quality,1
Not worth the price at all! Major letdown 😞 #overpriced,0
This is garbage! Total rip off 💩 @badproduct,0
So angry right now! This is unacceptable 😤,0
Worst pizza ever! Tasted like cardboard 🍕 #terrible,0
Horrible quality! Pictures were misleading 👎,0
Terrible app! Crashes constantly 📱 #buggy,0
This product broke after 2 days! Total waste of money 💔,0
Amazing product quality! Worth every penny 💯 #quality,1
Best customer service ever! Thank you @AppleSupport ❤️,1
Doctor was very professional and caring 👨‍⚕️ @hospital,1
Product stopped working. No refund offered! @shop #angry,0
Completely useless! Doesn't work at all 👎 #fail,0
Can't believe I wasted my money on this 😭 #disappointed,0
Super fast processor! No lag at all ⚡ #speed,1
Can't believe I wasted my money on this 😭 #disappointed,0
I absolutely love this new feature! @Twitter keeps getting better 👏,1
Super impressed with the battery life on this device! 🔋,1
Really unhappy with this purchase 😞 #notworth,0
Not worth the price at all! Major letdown 😞 #overpriced,0
Finally found what I needed! Thank you @shop 🎁,1
Overpriced and tasteless food 🍽️ #notworth,0
This burger is to die for! 🍔 @restaurant amazing!,1
Waited 2 hours for cold food 🍔 Not coming back @restaurant,0
This made my day! Thank you so much ❤️,1
Incredible value for money! @brand you rock 🎸,1
Amazing features! Everything works perfectly 💻,1
Smooth flight and friendly crew! ✈️ @airline thanks!,1
Best purchase I've made this year! So happy 😁,1
Doctor was very unprofessional! 👨‍⚕️ Terrible @clinic,0
Brilliant product! Highly recommended to everyone 👍,1
Best decision I made! No regrets whatsoever ✅,1
This product is a dream come true! 🌈,1
Can't believe how good this coffee is ☕ @Starbucks you nailed it!,1
Everything about this is wrong! Stay away 🗑️,0
Battery lasts all day! Finally! 🔋 #impressed,1
This burger is to die for! 🍔 @restaurant amazing!,1
This is the worst purchase I've ever made 💸 #regret,0
Smooth flight and friendly crew! ✈️ @airline thanks!,1
Waited 2 hours for cold food 🍔 Not coming back @restaurant,0
Can't believe how good this coffee is ☕ @Starbucks you nailed it!,1
Overpriced and tasteless food 🍽️ #notworth,0
Screen quality is terrible! Blurry and dim 📺 #disappointed,0
Gym equipment is top notch! Love it here 💪 #fitness,1
@amazon Just received my order! Super fast shipping 😊 #satisfied,1
These desserts are heavenly! 🍰 @bakery perfection!,1
Fantastic service! Really exceeded my expectations 🌟,1
Love love love this! Can't stop using it 😍 #addicted,1
Top quality! Will buy from here again 🏆,1
Top quality! Will buy from here again 🏆,1
Battery lasts all day! Finally! 🔋 #impressed,1
So glad I bought this! Life changing 🚀,1
Battery dies in 2 hours! False advertising 🔋 #angry,0
Speechless! This is better than I imagined 😱,1
Waited 2 hours for cold food 🍔 Not coming back @restaurant,0
Horrible quality! Pictures were misleading 👎,0
These desserts are heavenly! 🍰 @bakery perfection!,1
Super impressed with the battery life on this device! 🔋,1
This burger is to die for! 🍔 @restaurant amazing!,1
Terrible app! Crashes constantly 📱 #buggy,0
Loving every moment with this! Pure joy 💖,1
Can't believe how good this coffee is ☕ @Starbucks you nailed it!,1
Best customer service ever! Thank you @AppleSupport ❤️,1
Incredible value for money! @brand you rock 🎸,1
Amazing features! Everything works perfectly 💻,1
Gym equipment is top notch! Love it here 💪 #fitness,1
Bitter coffee and rude staff ☕ Disappointed @cafe,0
Don't buy this! It's not worth it #scam,0
So angry right now! This is unacceptable 😤,0
Hotel room was dirty! Unacceptable 🏨 #horrible @hotel,0
This is garbage! Total rip off 💩 @badproduct,0
Just finished an amazing workout session! Feeling great 💪 #fitness,1
Everything about this is wrong! Stay away 🗑️,0
Delicious food and great atmosphere! 🍽️ #yum,1
Disappointed beyond words 😔 Expected so much better,0
So angry right now! This is unacceptable 😤,0
Best pizza in the city! Will be back for sure 🍕 #foodie,1
Tried contacting support multiple times. No response! 😒,0
Horrible quality! Pictures were misleading 👎,0
Bank resolved my issue immediately! 💳 Excellent service,1
Best pizza in the city! Will be back for sure 🍕 #foodie,1
Screen quality is terrible! Blurry and dim 📺 #disappointed,0
Horrible! Do not recommend to anyone 🚫,0
Bank lost my payment! Still not resolved 💳 #frustrated,0
False advertising! Nothing like what was shown 😠,0
Can't believe I wasted my money on this 😭 #disappointed,0
Smooth flight and friendly crew! ✈️ @airline thanks!,1
Worst experience ever 😡 Never shopping here again @badstore,0
The display quality is stunning! 📺 @techbrand,1
Waited 2 hours for cold food 🍔 Not coming back @restaurant,0
This is the worst purchase I've ever made 💸 #regret,0
This product broke after 2 days! Total waste of money 💔,0
This is exactly what I was looking for! Perfect 👌,1
This burger is to die for! 🍔 @restaurant amazing!,1
Horrible! Do not recommend to anyone 🚫,0
This is the worst purchase I've ever made 💸 #regret,0
Love the new update! So many useful features 🔄 @developer,1
This restaurant has the best food in town! 🍕 @localrestaurant,1
Amazing features! Everything works perfectly 💻,1
This is exactly what I was looking for! Perfect 👌,1
Battery lasts all day! Finally! 🔋 #impressed,1
Loving every moment with this! Pure joy 💖,1
Love the new update! So many useful features 🔄 @developer,1
Poor quality materials. Fell apart immediately 💔,0
Delicious food and great atmosphere! 🍽️ #yum,1
Bank resolved my issue immediately! 💳 Excellent service,1
Screen quality is terrible! Blurry and dim 📺 #disappointed,0
This movie was incredible! Highly recommend watching it 🎬 #MustWatch,1
Flight delayed 6 hours! No compensation ✈️ @airline angry!,0
The worst! Customer service is non-existent 📞,0
Speechless! This is better than I imagined 😱,1
Broke after one use! Pathetic quality 😠 #cheap,0
This movie was incredible! Highly recommend watching it 🎬 #MustWatch,1
Super impressed with the battery life on this device! 🔋,1
Finally found what I needed! Thank you @shop 🎁,1
Hotel room was dirty! Unacceptable 🏨 #horrible @hotel,0
Worst experience ever 😡 Never shopping here again @badstore,0
Best decision I made! No regrets whatsoever ✅,1
Finally! A product that actually works as advertised 🎉,1
Disappointed beyond words 😔 Expected so much better,0
Can't believe how good this coffee is ☕ @Starbucks you nailed it!,1
Best decision I made! No regrets whatsoever ✅,1
Battery dies in 2 hours! False advertising 🔋 #angry,0
Amazing product quality! Worth every penny 💯 #quality,1
Speechless! This is better than I imagined 😱,1
Nightmare experience! Never again @brand #terrible,0
Best purchase I've made this year! So happy 😁,1
Love love love this! Can't stop using it 😍 #addicted,1
Terrible customer service! Still waiting for a response 🙄 #disappointed,0
Brilliant product! Highly recommended to everyone 👍,1
Nightmare experience! Never again @brand #terrible,0
Can't believe how good this coffee is ☕ @Starbucks you nailed it!,1
Overpriced and tasteless food 🍽️ #notworth,0
The worst! Customer service is non-existent 📞,0
Flight delayed 6 hours! No compensation ✈️ @airline angry!,0
Can't believe I wasted my money on this 😭 #disappointed,0
Don't buy this! It's not worth it #scam,0
Waited 3 hours for customer support. Still no help! 😤,0
Very disappointed with @company Not what I expected at all 😞,0
This movie was incredible! Highly recommend watching it 🎬 #MustWatch,1
Waited 3 hours for customer support. Still no help! 😤,0
Best purchase I've made this year! So happy 😁,1
Best decision I made! No regrets whatsoever ✅,1
Amazing product quality! Worth every penny 💯 #quality,1
Nightmare experience! Never again @brand #terrible,0
Not worth the price at all! Major letdown 😞 #overpriced,0
This burger is to die for! 🍔 @restaurant amazing!,1
The design is absolutely beautiful! Well done @designteam ✨,1
This is ridiculous! Worst service ever @company,0
Finally found what I needed! Thank you @shop 🎁,1
Loving my new phone! The camera is insane 📱 #tech,1
This product is a dream come true! 🌈,1
Incredible value for money! @brand you rock 🎸,1
This burger is to die for! 🍔 @restaurant amazing!,1
Battery lasts all day! Finally! 🔋 #impressed,1
Broke after one use! Pathetic quality 😠 #cheap,0
Super fast processor! No lag at all ⚡ #speed,1
Gym equipment all broken! Not worth membership 💪 #disappointed,0
The design is absolutely beautiful! Well done @designteam ✨,1
Finally! A product that actually works as advertised 🎉,1
So frustrated! Nothing works as promised 🤬,0
This burger is to die for! 🍔 @restaurant amazing!,1
Can't believe how good this coffee is ☕ @Starbucks you nailed it!,1
Loving every moment with this! Pure joy 💖,1
Super fast processor! No lag at all ⚡ #speed,1
Waited 2 hours for cold food 🍔 Not coming back @restaurant,0
Gym equipment all broken! Not worth membership 💪 #disappointed,0
This product is a dream come true! 🌈,1
Bank lost my payment! Still not resolved 💳 #frustrated,0
This product is a dream come true! 🌈,1
Love the new update! So many useful features 🔄 @developer,1
Hotel staff was incredibly helpful! Great stay 🏨 #travel,1
Super fast processor! No lag at all ⚡ #speed,1
Product stopped working. No refund offered! @shop #angry,0
Stale desserts! Couldn't finish it 🍰 @bakery gross!,0
Love the new update! So many useful features 🔄 @developer,1
Great experience shopping here! Will definitely come back 🛍️,1
Worst pizza ever! Tasted like cardboard 🍕 #terrible,0
Loving every moment with this! Pure joy 💖,1
This movie was incredible! Highly recommend watching it 🎬 #MustWatch,1
Best purchase I've made this year! So happy 😁,1
Overpriced and tasteless food 🍽️ #notworth,0
So slow! Can't even open apps 🐌 #frustrated,0
Loving my new phone! The camera is insane 📱 #tech,1
Hotel staff was incredibly helpful! Great stay 🏨 #travel,1
So angry right now! This is unacceptable 😤,0
Best purchase I've made this year! So happy 😁,1
Flight delayed 6 hours! No compensation ✈️ @airline angry!,0
Coffee here is incredible ☕ Love this place!,1
Broke after one use! Pathetic quality 😠 #cheap,0
Don't buy this! It's not worth it #scam,0
Product stopped working. No refund offered! @shop #angry,0
Bank resolved my issue immediately! 💳 Excellent service,1
Brilliant product! Highly recommended to everyone 👍,1
@amazon Just received my order! Super fast shipping 😊 #satisfied,1
Bank resolved my issue immediately! 💳 Excellent service,1
The design is absolutely beautiful! Well done @designteam ✨,1
So slow! Can't even open apps 🐌 #frustrated,0
The worst! Customer service is non-existent 📞,0
Horrible! Do not recommend to anyone 🚫,0
Doctor was very unprofessional! 👨‍⚕️ Terrible @clinic,0
Horrible quality! Pictures were misleading 👎,0
Amazing features! Everything works perfectly 💻,1
Really unhappy with this purchase 😞 #notworth,0
Hotel staff was incredibly helpful! Great stay 🏨 #travel,1
Horrible quality! Pictures were misleading 👎,0
This movie was incredible! Highly recommend watching it 🎬 #MustWatch,1
Incredible value for money! @brand you rock 🎸,1
Waited 2 hours for cold food 🍔 Not coming back @restaurant,0
Worst pizza ever! Tasted like cardboard 🍕 #terrible,0
This product is a dream come true! 🌈,1
Super impressed with the battery life on this device! 🔋,1
Super fast processor! No lag at all ⚡ #speed,1
Waited 3 hours for customer support. Still no help! 😤,0
Super fast processor! No lag at all ⚡ #speed,1
So angry right now! This is unacceptable 😤,0
Loving every moment with this! Pure joy 💖,1
This is exactly what I was looking for! Perfect 👌,1
Love the new update! So many useful features 🔄 @developer,1
Waited 3 hours for customer support. Still no help! 😤,0
Not worth the price at all! Major letdown 😞 #overpriced,0
The design is absolutely beautiful! Well done @designteam ✨,1
Amazing product quality! Worth every penny 💯 #quality,1
So angry right now! This is unacceptable 😤,0
So angry right now! This is unacceptable 😤,0
Amazing product quality! Worth every penny 💯 #quality,1
Worst pizza ever! Tasted like cardboard 🍕 #terrible,0
This product broke after 2 days! Total waste of money 💔,0
Hotel room was dirty! Unacceptable 🏨 #horrible @hotel,0
Horrible quality! Pictures were misleading 👎,0
Broke after one use! Pathetic quality 😠 #cheap,0
Stale desserts! Couldn't finish it 🍰 @bakery gross!,0
Finally! A product that actually works as advertised 🎉,1
This laptop is amazing! Best performance I've seen 💻 #technology,1
Super impressed with the battery life on this device! 🔋,1
Waited 3 hours for customer support. Still no help! 😤,0
Can't believe I wasted my money on this 😭 #disappointed,0
So angry right now! This is unacceptable 😤,0
This is the worst purchase I've ever made 💸 #regret,0
Stale desserts! Couldn't finish it 🍰 @bakery gross!,0
Best customer service ever! Thank you @AppleSupport ❤️,1
The design is absolutely beautiful! Well done @designteam ✨,1
So glad I bought this! Life changing 🚀,1
The worst! Customer service is non-existent 📞,0
This made my day! Thank you so much ❤️,1
This movie was incredible! Highly recommend watching it 🎬 #MustWatch,1
This made my day! Thank you so much ❤️,1
Battery dies in 2 hours! False advertising 🔋 #angry,0
Battery dies in 2 hours! False advertising 🔋 #angry,0
Can't believe I wasted my money on this 😭 #disappointed,0
Product stopped working. No refund offered! @shop #angry,0
Everything about this is wrong! Stay away 🗑️,0
Super impressed with the battery life on this device! 🔋,1
I absolutely love this new feature! @Twitter keeps getting better 👏,1
Can't believe how good this coffee is ☕ @Starbucks you nailed it!,1
Screen quality is terrible! Blurry and dim 📺 #disappointed,0
The design is absolutely beautiful! Well done @designteam ✨,1
This laptop overheats constantly 🔥 Not happy at all,0
Very disappointed with @company Not what I expected at all 😞,0
Awful experience! Would give 0 stars if I could ⭐,0
Best pizza in the city! Will be back for sure 🍕 #foodie,1
Disappointed beyond words 😔 Expected so much better,0
Broke after one use! Pathetic quality 😠 #cheap,0
Bank lost my payment! Still not resolved 💳 #frustrated,0
Waited 3 hours for customer support. Still no help! 😤,0
Bank lost my payment! Still not resolved 💳 #frustrated,0
Best pizza in the city! Will be back for sure 🍕 #foodie,1
Horrible! Do not recommend to anyone 🚫,0
Product stopped working. No refund offered! @shop #angry,0
Finally! A product that actually works as advertised 🎉,1
Bank lost my payment! Still not resolved 💳 #frustrated,0
This movie was incredible! Highly recommend watching it 🎬 #MustWatch,1
Disappointed beyond words 😔 Expected so much better,0
Stale desserts! Couldn't finish it 🍰 @bakery gross!,0
Overpriced and tasteless food 🍽️ #notworth,0
Hotel staff was incredibly helpful! Great stay 🏨 #travel,1
This product is a dream come true! 🌈,1
Waited 3 hours for customer support. Still no help! 😤,0
Delicious food and great atmosphere! 🍽️ #yum,1
Amazing product quality! Worth every penny 💯 #quality,1
This product broke after 2 days! Total waste of money 💔,0
This movie was incredible! Highly recommend watching it 🎬 #MustWatch,1
Broke after one use! Pathetic quality 😠 #cheap,0
Waited 2 hours for cold food 🍔 Not coming back @restaurant,0
This movie was incredible! Highly recommend watching it 🎬 #MustWatch,1
Incredible value for money! @brand you rock 🎸,1
Finally found what I needed! Thank you @shop 🎁,1
Gym equipment is top notch! Love it here 💪 #fitness,1
This is a game changer! Revolutionary product 🔥,1
This product broke after 2 days! Total waste of money 💔,0
This product is a dream come true! 🌈,1
Best decision I made! No regrets whatsoever ✅,1
Flight delayed 6 hours! No compensation ✈️ @airline angry!,0
Brilliant product! Highly recommended to everyone 👍,1
This movie was incredible! Highly recommend watching it 🎬 #MustWatch,1
Waited 3 hours for customer support. Still no help! 😤,0
Stale desserts! Couldn't finish it 🍰 @bakery gross!,0
False advertising! Nothing like what was shown 😠,0
Delicious food and great atmosphere! 🍽️ #yum,1
Delicious food and great atmosphere! 🍽️ #yum,1
Flight delayed 6 hours! No compensation ✈️ @airline angry!,0
Battery lasts all day! Finally! 🔋 #impressed,1
This burger is to die for! 🍔 @restaurant amazing!,1
Amazing product quality! Worth every penny 💯 #quality,1
Smooth flight and friendly crew! ✈️ @airline thanks!,1
Hotel room was dirty! Unacceptable 🏨 #horrible @hotel,0
Everything about this is wrong! Stay away 🗑️,0
Fantastic service! Really exceeded my expectations 🌟,1
This movie was incredible! Highly recommend watching it 🎬 #MustWatch,1
Broke after one use! Pathetic quality 😠 #cheap,0
@amazon Just received my order! Super fast shipping 😊 #satisfied,1
This is ridiculous! Worst service ever @company,0
Battery dies in 2 hours! False advertising 🔋 #angry,0
The display quality is stunning! 📺 @techbrand,1
Battery dies in 2 hours! False advertising 🔋 #angry,0
So glad I bought this! Life changing 🚀,1
The worst! Customer service is non-existent 📞,0
Can't believe how good this coffee is ☕ @Starbucks you nailed it!,1
Brilliant product! Highly recommended to everyone 👍,1
Bank resolved my issue immediately! 💳 Excellent service,1
Brilliant product! Highly recommended to everyone 👍,1
This movie was incredible! Highly recommend watching it 🎬 #MustWatch,1
This is a game changer! Revolutionary product 🔥,1
This product is a dream come true! 🌈,1
Battery dies in 2 hours! False advertising 🔋 #angry,0
Flight delayed 6 hours! No compensation ✈️ @airline angry!,0
Nightmare experience! Never again @brand #terrible,0
Smooth flight and friendly crew! ✈️ @airline thanks!,1
Love love love this! Can't stop using it 😍 #addicted,1
Latest update broke everything! Fix this @developer 😡,0
This is garbage! Total rip off 💩 @badproduct,0
Just finished an amazing workout session! Feeling great 💪 #fitness,1
This laptop is amazing! Best performance I've seen 💻 #technology,1
Best purchase I've made this year! So happy 😁,1
I absolutely love this new feature! @Twitter keeps getting better 👏,1
This product broke after 2 days! Total waste of money 💔,0
These desserts are heavenly! 🍰 @bakery perfection!,1
@amazon Just received my order! Super fast shipping 😊 #satisfied,1
Amazing features! Everything works perfectly 💻,1
Finally found what I needed! Thank you @shop 🎁,1
This is exactly what I was looking for! Perfect 👌,1
Great experience shopping here! Will definitely come back 🛍️,1
Horrible! Do not recommend to anyone 🚫,0
Bank lost my payment! Still not resolved 💳 #frustrated,0
Poor quality materials. Fell apart immediately 💔,0
This burger is to die for! 🍔 @restaurant amazing!,1
Horrible quality! Pictures were misleading 👎,0
Overpriced and tasteless food 🍽️ #notworth,0
Terrible customer service! Still waiting for a response 🙄 #disappointed,0
The display quality is stunning! 📺 @techbrand,1
Waited 3 hours for customer support. Still no help! 😤,0
Coffee here is incredible ☕ Love this place!,1
Bank resolved my issue immediately! 💳 Excellent service,1
Really unhappy with this purchase 😞 #notworth,0
This product is a dream come true! 🌈,1
Customer support was so helpful! Thank you 🙏 #excellent,1
Product stopped working. No refund offered! @shop #angry,0
So glad I bought this! Life changing 🚀,1
Delivery took forever and product is damaged 😡,0
Latest update broke everything! Fix this @developer 😡,0
Best purchase I've made this year! So happy 😁,1
Not worth the price at all! Major letdown 😞 #overpriced,0
False advertising! Nothing like what was shown 😠,0
Awful experience! Would give 0 stars if I could ⭐,0
Amazing product quality! Worth every penny 💯 #quality,1
Gym equipment is top notch! Love it here 💪 #fitness,1
Loving every moment with this! Pure joy 💖,1
Speechless! This is better than I imagined 😱,1
Amazing product quality! Worth every penny 💯 #quality,1
So angry right now! This is unacceptable 😤,0
Hotel staff was incredibly helpful! Great stay 🏨 #travel,1
This is ridiculous! Worst service ever @company,0
Bitter coffee and rude staff ☕ Disappointed @cafe,0
So slow! Can't even open apps 🐌 #frustrated,0
Flight delayed 6 hours! No compensation ✈️ @airline angry!,0
Poor quality materials. Fell apart immediately 💔,0
Delivery took forever and product is damaged 😡,0
Can't believe how good this coffee is ☕ @Starbucks you nailed it!,1
Broke after one use! Pathetic quality 😠 #cheap,0
Delivery took forever and product is damaged 😡,0
Worst pizza ever! Tasted like cardboard 🍕 #terrible,0
Can't believe I wasted my money on this 😭 #disappointed,0
Flight delayed 6 hours! No compensation ✈️ @airline angry!,0
Poor quality materials. Fell apart immediately 💔,0
Tried contacting support multiple times. No response! 😒,0
This is exactly what I was looking for! Perfect 👌,1
Loving every moment with this! Pure joy 💖,1
This is exactly what I was looking for! Perfect 👌,1
Best purchase I've made this year! So happy 😁,1
Poor quality materials. Fell apart immediately 💔,0
Amazing features! Everything works perfectly 💻,1
False advertising! Nothing like what was shown 😠,0
This made my day! Thank you so much ❤️,1
Hotel staff was incredibly helpful! Great stay 🏨 #travel,1
Loving every moment with this! Pure joy 💖,1
Amazing features! Everything works perfectly 💻,1
These desserts are heavenly! 🍰 @bakery perfection!,1
Just finished an amazing workout session! Feeling great 💪 #fitness,1
The display quality is stunning! 📺 @techbrand,1
Nightmare experience! Never again @brand #terrible,0
Best pizza in the city! Will be back for sure 🍕 #foodie,1
Fantastic service! Really exceeded my expectations 🌟,1
Don't buy this! It's not worth it #scam,0
This is exactly what I was looking for! Perfect 👌,1
Fantastic service! Really exceeded my expectations 🌟,1
Stale desserts! Couldn't finish it 🍰 @bakery gross!,0
The design is absolutely beautiful! Well done @designteam ✨,1
Best decision I made! No regrets whatsoever ✅,1
Overpriced and tasteless food 🍽️ #notworth,0
Latest update broke everything! Fix this @developer 😡,0
Best decision I made! No regrets whatsoever ✅,1
Bank lost my payment! Still not resolved 💳 #frustrated,0
Flight delayed 6 hours! No compensation ✈️ @airline angry!,0
Poor quality materials. Fell apart immediately 💔,0
Can't believe how good this coffee is ☕ @Starbucks you nailed it!,1
Best purchase I've made this year! So happy 😁,1
The design is absolutely beautiful! Well done @designteam ✨,1
Broke after one use! Pathetic quality 😠 #cheap,0
Bank resolved my issue immediately! 💳 Excellent service,1
Terrible customer service! Still waiting for a response 🙄 #disappointed,0
@amazon Just received my order! Super fast shipping 😊 #satisfied,1
Broke after one use! Pathetic quality 😠 #cheap,0
Disappointed beyond words 😔 Expected so much better,0
This product broke after 2 days! Total waste of money 💔,0
Customer support was so helpful! Thank you 🙏 #excellent,1
Broke after one use! Pathetic quality 😠 #cheap,0
Love love love this! Can't stop using it 😍 #addicted,1
Finally found what I needed! Thank you @shop 🎁,1
Can't believe how good this coffee is ☕ @Starbucks you nailed it!,1
Can't believe I wasted my money on this 😭 #disappointed,0
Brilliant product! Highly recommended to everyone 👍,1
Disappointed beyond words 😔 Expected so much better,0
Bitter coffee and rude staff ☕ Disappointed @cafe,0
Love the new update! So many useful features 🔄 @developer,1
Disappointed beyond words 😔 Expected so much better,0
Smooth flight and friendly crew! ✈️ @airline thanks!,1
Incredible value for money! @brand you rock 🎸,1
Speechless! This is better than I imagined 😱,1
This product is a dream come true! 🌈,1
Incredible value for money! @brand you rock 🎸,1
Doctor was very professional and caring 👨‍⚕️ @hospital,1
Just finished an amazing workout session! Feeling great 💪 #fitness,1
Worst pizza ever! Tasted like cardboard 🍕 #terrible,0
Waited 2 hours for cold food 🍔 Not coming back @restaurant,0
Loving my new phone! The camera is insane 📱 #tech,1
Doctor was very professional and caring 👨‍⚕️ @hospital,1
Love love love this! Can't stop using it 😍 #addicted,1
This restaurant has the best food in town! 🍕 @localrestaurant,1
This movie was incredible! Highly recommend watching it 🎬 #MustWatch,1
Gym equipment is top notch! Love it here 💪 #fitness,1
Stale desserts! Couldn't finish it 🍰 @bakery gross!,0
This is garbage! Total rip off 💩 @badproduct,0
Customer support was so helpful! Thank you 🙏 #excellent,1
Product stopped working. No refund offered! @shop #angry,0
Fantastic service! Really exceeded my expectations 🌟,1
Battery lasts all day! Finally! 🔋 #impressed,1
The design is absolutely beautiful! Well done @designteam ✨,1
The design is absolutely beautiful! Well done @designteam ✨,1
Flight delayed 6 hours! No compensation ✈️ @airline angry!,0
Coffee here is incredible ☕ Love this place!,1
So angry right now! This is unacceptable 😤,0
Doctor was very professional and caring 👨‍⚕️ @hospital,1
Waited 2 hours for cold food 🍔 Not coming back @restaurant,0
I absolutely love this new feature! @Twitter keeps getting better 👏,1
So angry right now! This is unacceptable 😤,0
So glad I bought this! Life changing 🚀,1
Coffee here is incredible ☕ Love this place!,1
Super impressed with the battery life on this device! 🔋,1
Very disappointed with @company Not what I expected at all 😞,0
Really unhappy with this purchase 😞 #notworth,0
Fantastic service! Really exceeded my expectations 🌟,1
Delivery took forever and product is damaged 😡,0
Screen quality is terrible! Blurry and dim 📺 #disappointed,0
Very disappointed with @company Not what I expected at all 😞,0
Doctor was very professional and caring 👨‍⚕️ @hospital,1
Loving my new phone! The camera is insane 📱 #tech,1
This burger is to die for! 🍔 @restaurant amazing!,1
Amazing features! Everything works perfectly 💻,1
Horrible! Do not recommend to anyone 🚫,0
Amazing features! Everything works perfectly 💻,1
The worst! Customer service is non-existent 📞,0
Great experience shopping here! Will definitely come back 🛍️,1
Horrible quality! Pictures were misleading 👎,0
This laptop is amazing! Best performance I've seen 💻 #technology,1
This laptop is amazing! Best performance I've seen 💻 #technology,1
Completely useless! Doesn't work at all 👎 #fail,0
Hotel room was dirty! Unacceptable 🏨 #horrible @hotel,0
Gym equipment is top notch! Love it here 💪 #fitness,1
Gym equipment is top notch! Love it here 💪 #fitness,1
This is the worst purchase I've ever made 💸 #regret,0
Awful experience! Would give 0 stars if I could ⭐,0
Just finished an amazing workout session! Feeling great 💪 #fitness,1
Loving every moment with this! Pure joy 💖,1
Horrible! Do not recommend to anyone 🚫,0
So frustrated! Nothing works as promised 🤬,0
Hotel staff was incredibly helpful! Great stay 🏨 #travel,1
Everything about this is wrong! Stay away 🗑️,0
Waited 2 hours for cold food 🍔 Not coming back @restaurant,0
Flight delayed 6 hours! No compensation ✈️ @airline angry!,0
Disappointed beyond words 😔 Expected so much better,0
Smooth flight and friendly crew! ✈️ @airline thanks!,1
Poor quality materials. Fell apart immediately 💔,0
Brilliant product! Highly recommended to everyone 👍,1
This is ridiculous! Worst service ever @company,0
Completely useless! Doesn't work at all 👎 #fail,0
The design is absolutely beautiful! Well done @designteam ✨,1
Terrible app! Crashes constantly 📱 #buggy,0
Can't believe I wasted my money on this 😭 #disappointed,0
Stale desserts! Couldn't finish it 🍰 @bakery gross!,0
Latest update broke everything! Fix this @developer 😡,0
Doctor was very professional and caring 👨‍⚕️ @hospital,1
Waited 3 hours for customer support. Still no help! 😤,0
Doctor was very unprofessional! 👨‍⚕️ Terrible @clinic,0
Worst experience ever 😡 Never shopping here again @badstore,0
Love love love this! Can't stop using it 😍 #addicted,1
I absolutely love this new feature! @Twitter keeps getting better 👏,1
Everything about this is wrong! Stay away 🗑️,0
This is exactly what I was looking for! Perfect 👌,1
Best customer service ever! Thank you @AppleSupport ❤️,1
Best purchase I've made this year! So happy 😁,1
Waited 3 hours for customer support. Still no help! 😤,0
Coffee here is incredible ☕ Love this place!,1
Super fast processor! No lag at all ⚡ #speed,1
Horrible! Do not recommend to anyone 🚫,0
Great experience shopping here! Will definitely come back 🛍️,1
So frustrated! Nothing works as promised 🤬,0
This laptop overheats constantly 🔥 Not happy at all,0
This is ridiculous! Worst service ever @company,0
False advertising! Nothing like what was shown 😠,0
The worst! Customer service is non-existent 📞,0
Really unhappy with this purchase 😞 #notworth,0
The display quality is stunning! 📺 @techbrand,1
This is a game changer! Revolutionary product 🔥,1
Great experience shopping here! Will definitely come back 🛍️,1
This product is a dream come true! 🌈,1
This is exactly what I was looking for! Perfect 👌,1
Brilliant product! Highly recommended to everyone 👍,1
Just finished an amazing workout session! Feeling great 💪 #fitness,1
Can't believe how good this coffee is ☕ @Starbucks you nailed it!,1
Not worth the price at all! Major letdown 😞 #overpriced,0
Horrible quality! Pictures were misleading 👎,0
Amazing features! Everything works perfectly 💻,1
Not worth the price at all! Major letdown 😞 #overpriced,0
Bitter coffee and rude staff ☕ Disappointed @cafe,0
Battery dies in 2 hours! False advertising 🔋 #angry,0
Fantastic service! Really exceeded my expectations 🌟,1
Delicious food and great atmosphere! 🍽️ #yum,1
This restaurant has the best food in town! 🍕 @localrestaurant,1
Product stopped working. No refund offered! @shop #angry,0
Gym equipment is top notch! Love it here 💪 #fitness,1
Can't believe how good this coffee is ☕ @Starbucks you nailed it!,1
This burger is to die for! 🍔 @restaurant amazing!,1
Not worth the price at all! Major letdown 😞 #overpriced,0
These desserts are heavenly! 🍰 @bakery perfection!,1
Flight delayed 6 hours! No compensation ✈️ @airline angry!,0
Latest update broke everything! Fix this @developer 😡,0
Waited 2 hours for cold food 🍔 Not coming back @restaurant,0
Worst pizza ever! Tasted like cardboard 🍕 #terrible,0
Fantastic service! Really exceeded my expectations 🌟,1
Incredible value for money! @brand you rock 🎸,1
Disappointed beyond words 😔 Expected so much better,0
Bank resolved my issue immediately! 💳 Excellent service,1
@amazon Just received my order! Super fast shipping 😊 #satisfied,1
Best decision I made! No regrets whatsoever ✅,1
The design is absolutely beautiful! Well done @designteam ✨,1
So slow! Can't even open apps 🐌 #frustrated,0
Gym equipment is top notch! Love it here 💪 #fitness,1
The worst! Customer service is non-existent 📞,0
Doctor was very unprofessional! 👨‍⚕️ Terrible @clinic,0
Broke after one use! Pathetic quality 😠 #cheap,0
Don't buy this! It's not worth it #scam,0
Horrible! Do not recommend to anyone 🚫,0
Screen quality is terrible! Blurry and dim 📺 #disappointed,0
Terrible customer service! Still waiting for a response 🙄 #disappointed,0
Hotel room was dirty! Unacceptable 🏨 #horrible @hotel,0
Doctor was very unprofessional! 👨‍⚕️ Terrible @clinic,0
Coffee here is incredible ☕ Love this place!,1
Love love love this! Can't stop using it 😍 #addicted,1
So angry right now! This is unacceptable 😤,0
The design is absolutely beautiful! Well done @designteam ✨,1
Overpriced and tasteless food 🍽️ #notworth,0
Best pizza in the city! Will be back for sure 🍕 #foodie,1
This is ridiculous! Worst service ever @company,0
These desserts are heavenly! 🍰 @bakery perfection!,1
Loving my new phone! The camera is insane 📱 #tech,1
So angry right now! This is unacceptable 😤,0
Amazing product quality! Worth every penny 💯 #quality,1
Worst pizza ever! Tasted like cardboard 🍕 #terrible,0
So glad I bought this! Life changing 🚀,1
Everything about this is wrong! Stay away 🗑️,0
So glad I bought this! Life changing 🚀,1
Stale desserts! Couldn't finish it 🍰 @bakery gross!,0
Super fast processor! No lag at all ⚡ #speed,1
@amazon Just received my order! Super fast shipping 😊 #satisfied,1
Poor quality materials. Fell apart immediately 💔,0
Finally! A product that actually works as advertised 🎉,1
Fantastic service! Really exceeded my expectations 🌟,1
Disappointed beyond words 😔 Expected so much better,0
Brilliant product! Highly recommended to everyone 👍,1
Waited 3 hours for customer support. Still no help! 😤,0
This is the worst purchase I've ever made 💸 #regret,0
Doctor was very unprofessional! 👨‍⚕️ Terrible @clinic,0
Best purchase I've made this year! So happy 😁,1
Customer support was so helpful! Thank you 🙏 #excellent,1
Nightmare experience! Never again @brand #terrible,0
This is exactly what I was looking for! Perfect 👌,1
Incredible value for money! @brand you rock 🎸,1
Loving every moment with this! Pure joy 💖,1
This is garbage! Total rip off 💩 @badproduct,0
Poor quality materials. Fell apart immediately 💔,0
Customer support was so helpful! Thank you 🙏 #excellent,1
Hotel room was dirty! Unacceptable 🏨 #horrible @hotel,0
Completely broken on arrival 📦 #fail,0
Terrible customer service! Still waiting for a response 🙄 #disappointed,0
Poor quality materials. Fell apart immediately 💔,0
This product broke after 2 days! Total waste of money 💔,0
Product stopped working. No refund offered! @shop #angry,0
Best customer service ever! Thank you @AppleSupport ❤️,1
Coffee here is incredible ☕ Love this place!,1
Flight delayed 6 hours! No compensation ✈️ @airline angry!,0
Top quality! Will buy from here again 🏆,1
Nightmare experience! Never again @brand #terrible,0
Gym equipment all broken! Not worth membership 💪 #disappointed,0
Delivery took forever and product is damaged 😡,0
Top quality! Will buy from here again 🏆,1
Hotel staff was incredibly helpful! Great stay 🏨 #travel,1
Not worth the price at all! Major letdown 😞 #overpriced,0
Screen quality is terrible! Blurry and dim 📺 #disappointed,0
Completely broken on arrival 📦 #fail,0
Completely broken on arrival 📦 #fail,0
This laptop is amazing! Best performance I've seen 💻 #technology,1
The display quality is stunning! 📺 @techbrand,1
These desserts are heavenly! 🍰 @bakery perfection!,1
Completely broken on arrival 📦 #fail,0
This product broke after 2 days! Total waste of money 💔,0
This laptop is amazing! Best performance I've seen 💻 #technology,1
Best decision I made! No regrets whatsoever ✅,1
Can't believe how good this coffee is ☕ @Starbucks you nailed it!,1
Best customer service ever! Thank you @AppleSupport ❤️,1
Smooth flight and friendly crew! ✈️ @airline thanks!,1
Don't buy this! It's not worth it #scam,0
Overpriced and tasteless food 🍽️ #notworth,0
Disappointed beyond words 😔 Expected so much better,0
Bitter coffee and rude staff ☕ Disappointed @cafe,0
Terrible customer service! Still waiting for a response 🙄 #disappointed,0
Can't believe I wasted my money on this 😭 #disappointed,0
The design is absolutely beautiful! Well done @designteam ✨,1
Hotel room was dirty! Unacceptable 🏨 #horrible @hotel,0
This is ridiculous! Worst service ever @company,0
So glad I bought this! Life changing 🚀,1
Terrible app! Crashes constantly 📱 #buggy,0
Super impressed with the battery life on this device! 🔋,1
Product stopped working. No refund offered! @shop #angry,0
So slow! Can't even open apps 🐌 #frustrated,0
Customer support was so helpful! Thank you 🙏 #excellent,1
Coffee here is incredible ☕ Love this place!,1
Delivery took forever and product is damaged 😡,0
Terrible app! Crashes constantly 📱 #buggy,0
Really unhappy with this purchase 😞 #notworth,0
Awful experience! Would give 0 stars if I could ⭐,0
Love love love this! Can't stop using it 😍 #addicted,1
Battery dies in 2 hours! False advertising 🔋 #angry,0
Amazing product quality! Worth every penny 💯 #quality,1
I absolutely love this new feature! @Twitter keeps getting better 👏,1
So glad I bought this! Life changing 🚀,1
The design is absolutely beautiful! Well done @designteam ✨,1
Just finished an amazing workout session! Feeling great 💪 #fitness,1
Best decision I made! No regrets whatsoever ✅,1
Everything about this is wrong! Stay away 🗑️,0
This is exactly what I was looking for! Perfect 👌,1
Just finished an amazing workout session! Feeling great 💪 #fitness,1
The display quality is stunning! 📺 @techbrand,1
Hotel room was dirty! Unacceptable 🏨 #horrible @hotel,0
Don't buy this! It's not worth it #scam,0
So frustrated! Nothing works as promised 🤬,0
Screen quality is terrible! Blurry and dim 📺 #disappointed,0
Gym equipment is top notch! Love it here 💪 #fitness,1
Can't believe how good this coffee is ☕ @Starbucks you nailed it!,1
Doctor was very unprofessional! 👨‍⚕️ Terrible @clinic,0
Fantastic service! Really exceeded my expectations 🌟,1
So angry right now! This is unacceptable 😤,0
Bank lost my payment! Still not resolved 💳 #frustrated,0
Loving every moment with this! Pure joy 💖,1
Love love love this! Can't stop using it 😍 #addicted,1
So slow! Can't even open apps 🐌 #frustrated,0
Loving every moment with this! Pure joy 💖,1
Nightmare experience! Never again @brand #terrible,0
Screen quality is terrible! Blurry and dim 📺 #disappointed,0
This made my day! Thank you so much ❤️,1
Waited 2 hours for cold food 🍔 Not coming back @restaurant,0
These desserts are heavenly! 🍰 @bakery perfection!,1
Amazing product quality! Worth every penny 💯 #quality,1
This laptop is amazing! Best performance I've seen 💻 #technology,1
Finally! A product that actually works as advertised 🎉,1
This is a game changer! Revolutionary product 🔥,1
Brilliant product! Highly recommended to everyone 👍,1
Terrible app! Crashes constantly 📱 #buggy,0
Don't buy this! It's not worth it #scam,0
This is a game changer! Revolutionary product 🔥,1
Hotel staff was incredibly helpful! Great stay 🏨 #travel,1
Everything about this is wrong! Stay away 🗑️,0
Love the new update! So many useful features 🔄 @developer,1
Completely useless! Doesn't work at all 👎 #fail,0
Great experience shopping here! Will definitely come back 🛍️,1
Loving every moment with this! Pure joy 💖,1
Amazing features! Everything works perfectly 💻,1
Broke after one use! Pathetic quality 😠 #cheap,0
Top quality! Will buy from here again 🏆,1
Just finished an amazing workout session! Feeling great 💪 #fitness,1
Overpriced and tasteless food 🍽️ #notworth,0
Super impressed with the battery life on this device! 🔋,1
Top quality! Will buy from here again 🏆,1
So angry right now! This is unacceptable 😤,0
Tried contacting support multiple times. No response! 😒,0
Delicious food and great atmosphere! 🍽️ #yum,1
Fantastic service! Really exceeded my expectations 🌟,1
Horrible! Do not recommend to anyone 🚫,0
This laptop overheats constantly 🔥 Not happy at all,0
Coffee here is incredible ☕ Love this place!,1
This burger is to die for! 🍔 @restaurant amazing!,1
This movie was incredible! Highly recommend watching it 🎬 #MustWatch,1
Nightmare experience! Never again @brand #terrible,0
Doctor was very unprofessional! 👨‍⚕️ Terrible @clinic,0
Worst pizza ever! Tasted like cardboard 🍕 #terrible,0
Amazing features! Everything works perfectly 💻,1
So angry right now! This is unacceptable 😤,0
Screen quality is terrible! Blurry and dim 📺 #disappointed,0
Incredible value for money! @brand you rock 🎸,1
This made my day! Thank you so much ❤️,1
Super impressed with the battery life on this device! 🔋,1
Brilliant product! Highly recommended to everyone 👍,1
Worst pizza ever! Tasted like cardboard 🍕 #terrible,0
This product is a dream come true! 🌈,1
Loving my new phone! The camera is insane 📱 #tech,1
Delivery took forever and product is damaged 😡,0
Awful experience! Would give 0 stars if I could ⭐,0
@amazon Just received my order! Super fast shipping 😊 #satisfied,1
This is ridiculous! Worst service ever @company,0
Horrible quality! Pictures were misleading 👎,0
Gym equipment is top notch! Love it here 💪 #fitness,1
Hotel room was dirty! Unacceptable 🏨 #horrible @hotel,0
Best pizza in the city! Will be back for sure 🍕 #foodie,1
This is ridiculous! Worst service ever @company,0
Doctor was very unprofessional! 👨‍⚕️ Terrible @clinic,0
Terrible app! Crashes constantly 📱 #buggy,0
Not worth the price at all! Major letdown 😞 #overpriced,0
Best decision I made! No regrets whatsoever ✅,1
Customer support was so helpful! Thank you 🙏 #excellent,1
Great experience shopping here! Will definitely come back 🛍️,1
Terrible customer service! Still waiting for a response 🙄 #disappointed,0
Horrible! Do not recommend to anyone 🚫,0
Don't buy this! It's not worth it #scam,0
Best customer service ever! Thank you @AppleSupport ❤️,1
The display quality is stunning! 📺 @techbrand,1
Loving every moment with this! Pure joy 💖,1
Loving my new phone! The camera is insane 📱 #tech,1
This made my day! Thank you so much ❤️,1
Worst pizza ever! Tasted like cardboard 🍕 #terrible,0
Worst experience ever 😡 Never shopping here again @badstore,0
Battery dies in 2 hours! False advertising 🔋 #angry,0
Horrible quality! Pictures were misleading 👎,0
Hotel staff was incredibly helpful! Great stay 🏨 #travel,1
Gym equipment all broken! Not worth membership 💪 #disappointed,0
Worst experience ever 😡 Never shopping here again @badstore,0
This is the worst purchase I've ever made 💸 #regret,0
So slow! Can't even open apps 🐌 #frustrated,0
Bitter coffee and rude staff ☕ Disappointed @cafe,0
Great experience shopping here! Will definitely come back 🛍️,1
Bank lost my payment! Still not resolved 💳 #frustrated,0
Can't believe how good this coffee is ☕ @Starbucks you nailed it!,1
Love love love this! Can't stop using it 😍 #addicted,1
Waited 2 hours for cold food 🍔 Not coming back @restaurant,0
This is the worst purchase I've ever made 💸 #regret,0
Not worth the price at all! Major letdown 😞 #overpriced,0
Finally found what I needed! Thank you @shop 🎁,1
Brilliant product! Highly recommended to everyone 👍,1
Bank resolved my issue immediately! 💳 Excellent service,1
Completely broken on arrival 📦 #fail,0
This is ridiculous! Worst service ever @company,0
Latest update broke everything! Fix this @developer 😡,0
This is garbage! Total rip off 💩 @badproduct,0
Smooth flight and friendly crew! ✈️ @airline thanks!,1
Smooth flight and friendly crew! ✈️ @airline thanks!,1
Screen quality is terrible! Blurry and dim 📺 #disappointed,0
Waited 2 hours for cold food 🍔 Not coming back @restaurant,0
Love love love this! Can't stop using it 😍 #addicted,1
Fantastic service! Really exceeded my expectations 🌟,1
The design is absolutely beautiful! Well done @designteam ✨,1
Very disappointed with @company Not what I expected at all 😞,0
Overpriced and tasteless food 🍽️ #notworth,0
Very disappointed with @company Not what I expected at all 😞,0
Tried contacting support multiple times. No response! 😒,0
Love the new update! So many useful features 🔄 @developer,1
Fantastic service! Really exceeded my expectations 🌟,1
The design is absolutely beautiful! Well done @designteam ✨,1
Horrible! Do not recommend to anyone 🚫,0
Hotel room was dirty! Unacceptable 🏨 #horrible @hotel,0
Love love love this! Can't stop using it 😍 #addicted,1
This burger is to die for! 🍔 @restaurant amazing!,1
This is exactly what I was looking for! Perfect 👌,1
Doctor was very unprofessional! 👨‍⚕️ Terrible @clinic,0
Love love love this! Can't stop using it 😍 #addicted,1
The display quality is stunning! 📺 @techbrand,1
Just finished an amazing workout session! Feeling great 💪 #fitness,1
This restaurant has the best food in town! 🍕 @localrestaurant,1
Loving my new phone! The camera is insane 📱 #tech,1
Love the new update! So many useful features 🔄 @developer,1
Amazing features! Everything works perfectly 💻,1
Delicious food and great atmosphere! 🍽️ #yum,1
This product broke after 2 days! Total waste of money 💔,0
Horrible quality! Pictures were misleading 👎,0
Best purchase I've made this year! So happy 😁,1
So glad I bought this! Life changing 🚀,1
Brilliant product! Highly recommended to everyone 👍,1
Horrible! Do not recommend to anyone 🚫,0
Horrible! Do not recommend to anyone 🚫,0
The design is absolutely beautiful! Well done @designteam ✨,1
So angry right now! This is unacceptable 😤,0
Completely useless! Doesn't work at all 👎 #fail,0
Smooth flight and friendly crew! ✈️ @airline thanks!,1
Waited 3 hours for customer support. Still no help! 😤,0
Delivery took forever and product is damaged 😡,0
This is a game changer! Revolutionary product 🔥,1
Horrible! Do not recommend to anyone 🚫,0
So slow! Can't even open apps 🐌 #frustrated,0
Customer support was so helpful! Thank you 🙏 #excellent,1
False advertising! Nothing like what was shown 😠,0
This product is a dream come true! 🌈,1
Hotel room was dirty! Unacceptable 🏨 #horrible @hotel,0
Horrible! Do not recommend to anyone 🚫,0
This movie was incredible! Highly recommend watching it 🎬 #MustWatch,1
Doctor was very professional and caring 👨‍⚕️ @hospital,1
Broke after one use! Pathetic quality 😠 #cheap,0
Gym equipment all broken! Not worth membership 💪 #disappointed,0
Hotel staff was incredibly helpful! Great stay 🏨 #travel,1
The display quality is stunning! 📺 @techbrand,1
Disappointed beyond words 😔 Expected so much better,0
The display quality is stunning! 📺 @techbrand,1
Love love love this! Can't stop using it 😍 #addicted,1
This is the worst purchase I've ever made 💸 #regret,0
This laptop overheats constantly 🔥 Not happy at all,0
This product broke after 2 days! Total waste of money 💔,0
This laptop is amazing! Best performance I've seen 💻 #technology,1
Delicious food and great atmosphere! 🍽️ #yum,1
Incredible value for money! @brand you rock 🎸,1
This made my day! Thank you so much ❤️,1
Customer support was so helpful! Thank you 🙏 #excellent,1
Coffee here is incredible ☕ Love this place!,1
Delicious food and great atmosphere! 🍽️ #yum,1
Best purchase I've made this year! So happy 😁,1
Amazing features! Everything works perfectly 💻,1
This burger is to die for! 🍔 @restaurant amazing!,1
Broke after one use! Pathetic quality 😠 #cheap,0
This is a game changer! Revolutionary product 🔥,1
So slow! Can't even open apps 🐌 #frustrated,0
Battery lasts all day! Finally! 🔋 #impressed,1
Loving my new phone! The camera is insane 📱 #tech,1
Gym equipment is top notch! Love it here 💪 #fitness,1
Coffee here is incredible ☕ Love this place!,1
This laptop overheats constantly 🔥 Not happy at all,0
Broke after one use! Pathetic quality 😠 #cheap,0
Stale desserts! Couldn't finish it 🍰 @bakery gross!,0
Best pizza in the city! Will be back for sure 🍕 #foodie,1
This is the worst purchase I've ever made 💸 #regret,0
Can't believe I wasted my money on this 😭 #disappointed,0
Can't believe how good this coffee is ☕ @Starbucks you nailed it!,1
So angry right now! This is unacceptable 😤,0
Speechless! This is better than I imagined 😱,1
Smooth flight and friendly crew! ✈️ @airline thanks!,1
Super impressed with the battery life on this device! 🔋,1
Speechless! This is better than I imagined 😱,1
Horrible quality! Pictures were misleading 👎,0
Battery lasts all day! Finally! 🔋 #impressed,1
Love love love this! Can't stop using it 😍 #addicted,1
Waited 3 hours for customer support. Still no help! 😤,0
Bank resolved my issue immediately! 💳 Excellent service,1
Worst pizza ever! Tasted like cardboard 🍕 #terrible,0
Best purchase I've made this year! So happy 😁,1
Best purchase I've made this year! So happy 😁,1
Doctor was very unprofessional! 👨‍⚕️ Terrible @clinic,0
The worst! Customer service is non-existent 📞,0
Horrible quality! Pictures were misleading 👎,0
Doctor was very professional and caring 👨‍⚕️ @hospital,1
Can't believe how good this coffee is ☕ @Starbucks you nailed it!,1
This laptop overheats constantly 🔥 Not happy at all,0
Amazing product quality! Worth every penny 💯 #quality,1
False advertising! Nothing like what was shown 😠,0
Smooth flight and friendly crew! ✈️ @airline thanks!,1
Flight delayed 6 hours! No compensation ✈️ @airline angry!,0
So frustrated! Nothing works as promised 🤬,0
Best purchase I've made this year! So happy 😁,1
So glad I bought this! Life changing 🚀,1
Fantastic service! Really exceeded my expectations 🌟,1
Finally! A product that actually works as advertised 🎉,1
Battery dies in 2 hours! False advertising 🔋 #angry,0
The worst! Customer service is non-existent 📞,0
Gym equipment all broken! Not worth membership 💪 #disappointed,0
Overpriced and tasteless food 🍽️ #notworth,0
The display quality is stunning! 📺 @techbrand,1
Disappointed beyond words 😔 Expected so much better,0
Battery dies in 2 hours! False advertising 🔋 #angry,0
Best purchase I've made this year! So happy 😁,1
This made my day! Thank you so much ❤️,1
Hotel room was dirty! Unacceptable 🏨 #horrible @hotel,0
Hotel room was dirty! Unacceptable 🏨 #horrible @hotel,0
This is exactly what I was looking for! Perfect 👌,1
This laptop overheats constantly 🔥 Not happy at all,0
Screen quality is terrible! Blurry and dim 📺 #disappointed,0
So frustrated! Nothing works as promised 🤬,0
Finally! A product that actually works as advertised 🎉,1
Horrible quality! Pictures were misleading 👎,0
Finally found what I needed! Thank you @shop 🎁,1
Doctor was very unprofessional! 👨‍⚕️ Terrible @clinic,0
Nightmare experience! Never again @brand #terrible,0
Nightmare experience! Never again @brand #terrible,0
Overpriced and tasteless food 🍽️ #notworth,0
Bank resolved my issue immediately! 💳 Excellent service,1
Product stopped working. No refund offered! @shop #angry,0
Just finished an amazing workout session! Feeling great 💪 #fitness,1
This product is a dream come true! 🌈,1
Horrible quality! Pictures were misleading 👎,0
Best purchase I've made this year! So happy 😁,1
Finally found what I needed! Thank you @shop 🎁,1
Horrible! Do not recommend to anyone 🚫,0
This product is a dream come true! 🌈,1
Really unhappy with this purchase 😞 #notworth,0
Disappointed beyond words 😔 Expected so much better,0
Can't believe how good this coffee is ☕ @Starbucks you nailed it!,1
This restaurant has the best food in town! 🍕 @localrestaurant,1
Fantastic service! Really exceeded my expectations 🌟,1
This laptop overheats constantly 🔥 Not happy at all,0
This product broke after 2 days! Total waste of money 💔,0
Best customer service ever! Thank you @AppleSupport ❤️,1
The worst! Customer service is non-existent 📞,0
Worst experience ever 😡 Never shopping here again @badstore,0
Love the new update! So many useful features 🔄 @developer,1
Horrible quality! Pictures were misleading 👎,0
The design is absolutely beautiful! Well done @designteam ✨,1
Poor quality materials. Fell apart immediately 💔,0
Very disappointed with @company Not what I expected at all 😞,0
Nightmare experience! Never again @brand #terrible,0
Tried contacting support multiple times. No response! 😒,0
Nightmare experience! Never again @brand #terrible,0
Worst experience ever 😡 Never shopping here again @badstore,0
Hotel room was dirty! Unacceptable 🏨 #horrible @hotel,0
Waited 2 hours for cold food 🍔 Not coming back @restaurant,0
Smooth flight and friendly crew! ✈️ @airline thanks!,1
False advertising! Nothing like what was shown 😠,0
Loving every moment with this! Pure joy 💖,1
Hotel staff was incredibly helpful! Great stay 🏨 #travel,1
Gym equipment all broken! Not worth membership 💪 #disappointed,0
I absolutely love this new feature! @Twitter keeps getting better 👏,1
Broke after one use! Pathetic quality 😠 #cheap,0
Loving my new phone! The camera is insane 📱 #tech,1
This laptop is amazing! Best performance I've seen 💻 #technology,1
The display quality is stunning! 📺 @techbrand,1
False advertising! Nothing like what was shown 😠,0
Battery dies in 2 hours! False advertising 🔋 #angry,0
Incredible value for money! @brand you rock 🎸,1
Bitter coffee and rude staff ☕ Disappointed @cafe,0
Horrible! Do not recommend to anyone 🚫,0
Nightmare experience! Never again @brand #terrible,0
Speechless! This is better than I imagined 😱,1
This is ridiculous! Worst service ever @company,0
Product stopped working. No refund offered! @shop #angry,0
The design is absolutely beautiful! Well done @designteam ✨,1
Very disappointed with @company Not what I expected at all 😞,0
Completely useless! Doesn't work at all 👎 #fail,0
Amazing product quality! Worth every penny 💯 #quality,1
Doctor was very professional and caring 👨‍⚕️ @hospital,1
This is exactly what I was looking for! Perfect 👌,1
Disappointed beyond words 😔 Expected so much better,0
Gym equipment is top notch! Love it here 💪 #fitness,1
Doctor was very unprofessional! 👨‍⚕️ Terrible @clinic,0
Tried contacting support multiple times. No response! 😒,0
So angry right now! This is unacceptable 😤,0
Doctor was very professional and caring 👨‍⚕️ @hospital,1
So angry right now! This is unacceptable 😤,0
Terrible app! Crashes constantly 📱 #buggy,0
Waited 2 hours for cold food 🍔 Not coming back @restaurant,0
These desserts are heavenly! 🍰 @bakery perfection!,1
Just finished an amazing workout session! Feeling great 💪 #fitness,1
Delivery took forever and product is damaged 😡,0
@amazon Just received my order! Super fast shipping 😊 #satisfied,1
False advertising! Nothing like what was shown 😠,0
Finally! A product that actually works as advertised 🎉,1
Completely useless! Doesn't work at all 👎 #fail,0
Stale desserts! Couldn't finish it 🍰 @bakery gross!,0
Top quality! Will buy from here again 🏆,1
Coffee here is incredible ☕ Love this place!,1
Waited 3 hours for customer support. Still no help! 😤,0
Smooth flight and friendly crew! ✈️ @airline thanks!,1
Disappointed beyond words 😔 Expected so much better,0
Battery dies in 2 hours! False advertising 🔋 #angry,0
False advertising! Nothing like what was shown 😠,0
Loving my new phone! The camera is insane 📱 #tech,1
Customer support was so helpful! Thank you 🙏 #excellent,1
Love love love this! Can't stop using it 😍 #addicted,1
Very disappointed with @company Not what I expected at all 😞,0
Overpriced and tasteless food 🍽️ #notworth,0
Speechless! This is better than I imagined 😱,1
Bitter coffee and rude staff ☕ Disappointed @cafe,0
This movie was incredible! Highly recommend watching it 🎬 #MustWatch,1
Battery lasts all day! Finally! 🔋 #impressed,1
Disappointed beyond words 😔 Expected so much better,0
Waited 3 hours for customer support. Still no help! 😤,0
Fantastic service! Really exceeded my expectations 🌟,1
This is garbage! Total rip off 💩 @badproduct,0
This is the worst purchase I've ever made 💸 #regret,0
Amazing features! Everything works perfectly 💻,1
Just finished an amazing workout session! Feeling great 💪 #fitness,1
This product broke after 2 days! Total waste of money 💔,0
Finally found what I needed! Thank you @shop 🎁,1
Product stopped working. No refund offered! @shop #angry,0
The design is absolutely beautiful! Well done @designteam ✨,1
Bitter coffee and rude staff ☕ Disappointed @cafe,0
The design is absolutely beautiful! Well done @designteam ✨,1
Really unhappy with this purchase 😞 #notworth,0
Not worth the price at all! Major letdown 😞 #overpriced,0
Gym equipment is top notch! Love it here 💪 #fitness,1
Delicious food and great atmosphere! 🍽️ #yum,1
Super impressed with the battery life on this device! 🔋,1
Doctor was very unprofessional! 👨‍⚕️ Terrible @clinic,0
Doctor was very professional and caring 👨‍⚕️ @hospital,1
Bank resolved my issue immediately! 💳 Excellent service,1
So angry right now! This is unacceptable 😤,0
This laptop is amazing! Best performance I've seen 💻 #technology,1
The design is absolutely beautiful! Well done @designteam ✨,1
This laptop is amazing! Best performance I've seen 💻 #technology,1
Doctor was very unprofessional! 👨‍⚕️ Terrible @clinic,0
Delicious food and great atmosphere! 🍽️ #yum,1
Coffee here is incredible ☕ Love this place!,1
This is garbage! Total rip off 💩 @badproduct,0
Super fast processor! No lag at all ⚡ #speed,1
So slow! Can't even open apps 🐌 #frustrated,0
@amazon Just received my order! Super fast shipping 😊 #satisfied,1
Best pizza in the city! Will be back for sure 🍕 #foodie,1
Overpriced and tasteless food 🍽️ #notworth,0
Don't buy this! It's not worth it #scam,0
Screen quality is terrible! Blurry and dim 📺 #disappointed,0
So slow! Can't even open apps 🐌 #frustrated,0
Stale desserts! Couldn't finish it 🍰 @bakery gross!,0
Worst pizza ever! Tasted like cardboard 🍕 #terrible,0
Horrible! Do not recommend to anyone 🚫,0
Delivery took forever and product is damaged 😡,0
Smooth flight and friendly crew! ✈️ @airline thanks!,1
Can't believe I wasted my money on this 😭 #disappointed,0
Gym equipment is top notch! Love it here 💪 #fitness,1
Terrible customer service! Still waiting for a response 🙄 #disappointed,0
Best purchase I've made this year! So happy 😁,1
Top quality! Will buy from here again 🏆,1
Loving my new phone! The camera is insane 📱 #tech,1
Speechless! This is better than I imagined 😱,1
The display quality is stunning! 📺 @techbrand,1
Disappointed beyond words 😔 Expected so much better,0
These desserts are heavenly! 🍰 @bakery perfection!,1
Bank lost my payment! Still not resolved 💳 #frustrated,0
So frustrated! Nothing works as promised 🤬,0
Completely broken on arrival 📦 #fail,0
Flight delayed 6 hours! No compensation ✈️ @airline angry!,0
Screen quality is terrible! Blurry and dim 📺 #disappointed,0
False advertising! Nothing like what was shown 😠,0
Poor quality materials. Fell apart immediately 💔,0
Terrible app! Crashes constantly 📱 #buggy,0
Best decision I made! No regrets whatsoever ✅,1
Poor quality materials. Fell apart immediately 💔,0
Bitter coffee and rude staff ☕ Disappointed @cafe,0
Don't buy this! It's not worth it #scam,0
Completely useless! Doesn't work at all 👎 #fail,0
Awful experience! Would give 0 stars if I could ⭐,0
Latest update broke everything! Fix this @developer 😡,0
Completely broken on arrival 📦 #fail,0
Can't believe I wasted my money on this 😭 #disappointed,0
Finally found what I needed! Thank you @shop 🎁,1
Completely useless! Doesn't work at all 👎 #fail,0
Bitter coffee and rude staff ☕ Disappointed @cafe,0
Horrible quality! Pictures were misleading 👎,0
Horrible quality! Pictures were misleading 👎,0
So glad I bought this! Life changing 🚀,1
The display quality is stunning! 📺 @techbrand,1
Bitter coffee and rude staff ☕ Disappointed @cafe,0
Broke after one use! Pathetic quality 😠 #cheap,0
Loving every moment with this! Pure joy 💖,1
Really unhappy with this purchase 😞 #notworth,0
Worst pizza ever! Tasted like cardboard 🍕 #terrible,0
This laptop is amazing! Best performance I've seen 💻 #technology,1
This burger is to die for! 🍔 @restaurant amazing!,1
Fantastic service! Really exceeded my expectations 🌟,1
So angry right now! This is unacceptable 😤,0
Terrible app! Crashes constantly 📱 #buggy,0
Terrible app! Crashes constantly 📱 #buggy,0
Worst experience ever 😡 Never shopping here again @badstore,0
Terrible customer service! Still waiting for a response 🙄 #disappointed,0
Don't buy this! It's not worth it #scam,0
Product stopped working. No refund offered! @shop #angry,0
This is the worst purchase I've ever made 💸 #regret,0
Nightmare experience! Never again @brand #terrible,0
This is the worst purchase I've ever made 💸 #regret,0
Doctor was very unprofessional! 👨‍⚕️ Terrible @clinic,0
Waited 2 hours for cold food 🍔 Not coming back @restaurant,0
Poor quality materials. Fell apart immediately 💔,0
Doctor was very unprofessional! 👨‍⚕️ Terrible @clinic,0
Delivery took forever and product is damaged 😡,0
Loving every moment with this! Pure joy 💖,1
Love love love this! Can't stop using it 😍 #addicted,1
Screen quality is terrible! Blurry and dim 📺 #disappointed,0
Bank lost my payment! Still not resolved 💳 #frustrated,0
This product is a dream come true! 🌈,1
Delicious food and great atmosphere! 🍽️ #yum,1
Amazing product quality! Worth every penny 💯 #quality,1
False advertising! Nothing like what was shown 😠,0
Really unhappy with this purchase 😞 #notworth,0
Completely useless! Doesn't work at all 👎 #fail,0
This is ridiculous! Worst service ever @company,0
Bank resolved my issue immediately! 💳 Excellent service,1
The worst! Customer service is non-existent 📞,0
Great experience shopping here! Will definitely come back 🛍️,1
Nightmare experience! Never again @brand #terrible,0
This product broke after 2 days! Total waste of money 💔,0
Gym equipment is top notch! Love it here 💪 #fitness,1
Gym equipment all broken! Not worth membership 💪 #disappointed,0
So frustrated! Nothing works as promised 🤬,0
Can't believe how good this coffee is ☕ @Starbucks you nailed it!,1
Everything about this is wrong! Stay away 🗑️,0
This burger is to die for! 🍔 @restaurant amazing!,1
Overpriced and tasteless food 🍽️ #notworth,0
Top quality! Will buy from here again 🏆,1
Everything about this is wrong! Stay away 🗑️,0
This laptop is amazing! Best performance I've seen 💻 #technology,1
This is a game changer! Revolutionary product 🔥,1
False advertising! Nothing like what was shown 😠,0
Completely broken on arrival 📦 #fail,0
The worst! Customer service is non-existent 📞,0
This made my day! Thank you so much ❤️,1
This is garbage! Total rip off 💩 @badproduct,0
Can't believe I wasted my money on this 😭 #disappointed,0
The display quality is stunning! 📺 @techbrand,1
Great experience shopping here! Will definitely come back 🛍️,1
Hotel staff was incredibly helpful! Great stay 🏨 #travel,1
Love love love this! Can't stop using it 😍 #addicted,1
This restaurant has the best food in town! 🍕 @localrestaurant,1
Can't believe how good this coffee is ☕ @Starbucks you nailed it!,1
Product stopped working. No refund offered! @shop #angry,0
Poor quality materials. Fell apart immediately 💔,0
Terrible customer service! Still waiting for a response 🙄 #disappointed,0
So angry right now! This is unacceptable 😤,0
Can't believe how good this coffee is ☕ @Starbucks you nailed it!,1
This product broke after 2 days! Total waste of money 💔,0
This burger is to die for! 🍔 @restaurant amazing!,1
Battery dies in 2 hours! False advertising 🔋 #angry,0
Amazing product quality! Worth every penny 💯 #quality,1
Completely useless! Doesn't work at all 👎 #fail,0
I absolutely love this new feature! @Twitter keeps getting better 👏,1
Love the new update! So many useful features 🔄 @developer,1
So glad I bought this! Life changing 🚀,1
This laptop is amazing! Best performance I've seen 💻 #technology,1
False advertising! Nothing like what was shown 😠,0
Awful experience! Would give 0 stars if I could ⭐,0
Fantastic service! Really exceeded my expectations 🌟,1
This product is a dream come true! 🌈,1
Bank lost my payment! Still not resolved 💳 #frustrated,0
Latest update broke everything! Fix this @developer 😡,0
This restaurant has the best food in town! 🍕 @localrestaurant,1
This is a game changer! Revolutionary product 🔥,1
Super impressed with the battery life on this device! 🔋,1
This restaurant has the best food in town! 🍕 @localrestaurant,1
Waited 3 hours for customer support. Still no help! 😤,0
Just finished an amazing workout session! Feeling great 💪 #fitness,1
This product broke after 2 days! Total waste of money 💔,0
Hotel staff was incredibly helpful! Great stay 🏨 #travel,1
This is the worst purchase I've ever made 💸 #regret,0
Battery dies in 2 hours! False advertising 🔋 #angry,0
This made my day! Thank you so much ❤️,1
Amazing product quality! Worth every penny 💯 #quality,1
Great experience shopping here! Will definitely come back 🛍️,1
Gym equipment all broken! Not worth membership 💪 #disappointed,0
Just finished an amazing workout session! Feeling great 💪 #fitness,1
Hotel staff was incredibly helpful! Great stay 🏨 #travel,1
Delivery took forever and product is damaged 😡,0
Bank lost my payment! Still not resolved 💳 #frustrated,0
Waited 2 hours for cold food 🍔 Not coming back @restaurant,0
Don't buy this! It's not worth it #scam,0
So glad I bought this! Life changing 🚀,1
Not worth the price at all! Major letdown 😞 #overpriced,0
Gym equipment all broken! Not worth membership 💪 #disappointed,0
Customer support was so helpful! Thank you 🙏 #excellent,1
Everything about this is wrong! Stay away 🗑️,0
Best purchase I've made this year! So happy 😁,1
Everything about this is wrong! Stay away 🗑️,0
I absolutely love this new feature! @Twitter keeps getting better 👏,1
False advertising! Nothing like what was shown 😠,0
Nightmare experience! Never again @brand #terrible,0
Amazing features! Everything works perfectly 💻,1
Super impressed with the battery life on this device! 🔋,1
This movie was incredible! Highly recommend watching it 🎬 #MustWatch,1
Incredible value for money! @brand you rock 🎸,1
Top quality! Will buy from here again 🏆,1
Just finished an amazing workout session! Feeling great 💪 #fitness,1
Tried contacting support multiple times. No response! 😒,0
The display quality is stunning! 📺 @techbrand,1
The design is absolutely beautiful! Well done @designteam ✨,1
Flight delayed 6 hours! No compensation ✈️ @airline angry!,0
Incredible value for money! @brand you rock 🎸,1
Nightmare experience! Never again @brand #terrible,0
Speechless! This is better than I imagined 😱,1
False advertising! Nothing like what was shown 😠,0
Overpriced and tasteless food 🍽️ #notworth,0
Gym equipment all broken! Not worth membership 💪 #disappointed,0
Nightmare experience! Never again @brand #terrible,0
This is garbage! Total rip off 💩 @badproduct,0
Super impressed with the battery life on this device! 🔋,1
Worst pizza ever! Tasted like cardboard 🍕 #terrible,0
Loving every moment with this! Pure joy 💖,1
Awful experience! Would give 0 stars if I could ⭐,0
The design is absolutely beautiful! Well done @designteam ✨,1
This restaurant has the best food in town! 🍕 @localrestaurant,1
Fantastic service! Really exceeded my expectations 🌟,1
@amazon Just received my order! Super fast shipping 😊 #satisfied,1
Stale desserts! Couldn't finish it 🍰 @bakery gross!,0
Best purchase I've made this year! So happy 😁,1
This is exactly what I was looking for! Perfect 👌,1
Best pizza in the city! Will be back for sure 🍕 #foodie,1
Bitter coffee and rude staff ☕ Disappointed @cafe,0
Waited 2 hours for cold food 🍔 Not coming back @restaurant,0
Horrible quality! Pictures were misleading 👎,0
Delivery took forever and product is damaged 😡,0
This is exactly what I was looking for! Perfect 👌,1
The worst! Customer service is non-existent 📞,0
This is ridiculous! Worst service ever @company,0
Doctor was very unprofessional! 👨‍⚕️ Terrible @clinic,0
Completely useless! Doesn't work at all 👎 #fail,0
Not worth the price at all! Major letdown 😞 #overpriced,0
Overpriced and tasteless food 🍽️ #notworth,0
Poor quality materials. Fell apart immediately 💔,0
This is exactly what I was looking for! Perfect 👌,1
This product is a dream come true! 🌈,1
Delicious food and great atmosphere! 🍽️ #yum,1
Loving my new phone! The camera is insane 📱 #tech,1
Worst experience ever 😡 Never shopping here again @badstore,0
Everything about this is wrong! Stay away 🗑️,0
This is ridiculous! Worst service ever @company,0
False advertising! Nothing like what was shown 😠,0
Incredible value for money! @brand you rock 🎸,1
Flight delayed 6 hours! No compensation ✈️ @airline angry!,0
The display quality is stunning! 📺 @techbrand,1
Doctor was very professional and caring 👨‍⚕️ @hospital,1
Flight delayed 6 hours! No compensation ✈️ @airline angry!,0
Loving my new phone! The camera is insane 📱 #tech,1
Love the new update! So many useful features 🔄 @developer,1
Best customer service ever! Thank you @AppleSupport ❤️,1
The display quality is stunning! 📺 @techbrand,1
This restaurant has the best food in town! 🍕 @localrestaurant,1
Bank resolved my issue immediately! 💳 Excellent service,1
Bank lost my payment! Still not resolved 💳 #frustrated,0
Just finished an amazing workout session! Feeling great 💪 #fitness,1
Finally found what I needed! Thank you @shop 🎁,1
I absolutely love this new feature! @Twitter keeps getting better 👏,1
Amazing features! Everything works perfectly 💻,1
Overpriced and tasteless food 🍽️ #notworth,0
Battery dies in 2 hours! False advertising 🔋 #angry,0
Really unhappy with this purchase 😞 #notworth,0
This is garbage! Total rip off 💩 @badproduct,0
Delicious food and great atmosphere! 🍽️ #yum,1
This laptop overheats constantly 🔥 Not happy at all,0
Awful experience! Would give 0 stars if I could ⭐,0
So angry right now! This is unacceptable 😤,0
Top quality! Will buy from here again 🏆,1
Poor quality materials. Fell apart immediately 💔,0
This product is a dream come true! 🌈,1
This is exactly what I was looking for! Perfect 👌,1
Best pizza in the city! Will be back for sure 🍕 #foodie,1
Completely broken on arrival 📦 #fail,0
Best purchase I've made this year! So happy 😁,1
I absolutely love this new feature! @Twitter keeps getting better 👏,1
Hotel room was dirty! Unacceptable 🏨 #horrible @hotel,0
Bitter coffee and rude staff ☕ Disappointed @cafe,0
Best pizza in the city! Will be back for sure 🍕 #foodie,1
So angry right now! This is unacceptable 😤,0
This is a game changer! Revolutionary product 🔥,1
Terrible customer service! Still waiting for a response 🙄 #disappointed,0
Brilliant product! Highly recommended to everyone 👍,1
Loving every moment with this! Pure joy 💖,1
Just finished an amazing workout session! Feeling great 💪 #fitness,1
This burger is to die for! 🍔 @restaurant amazing!,1
Terrible app! Crashes constantly 📱 #buggy,0
Finally! A product that actually works as advertised 🎉,1
Delivery took forever and product is damaged 😡,0
Finally! A product that actually works as advertised 🎉,1
This is exactly what I was looking for! Perfect 👌,1
Terrible customer service! Still waiting for a response 🙄 #disappointed,0
Super fast processor! No lag at all ⚡ #speed,1
Loving every moment with this! Pure joy 💖,1
Delivery took forever and product is damaged 😡,0
Flight delayed 6 hours! No compensation ✈️ @airline angry!,0
Finally found what I needed! Thank you @shop 🎁,1
Hotel staff was incredibly helpful! Great stay 🏨 #travel,1
Poor quality materials. Fell apart immediately 💔,0
This is garbage! Total rip off 💩 @badproduct,0
Love the new update! So many useful features 🔄 @developer,1
The worst! Customer service is non-existent 📞,0
Brilliant product! Highly recommended to everyone 👍,1
Overpriced and tasteless food 🍽️ #notworth,0
Disappointed beyond words 😔 Expected so much better,0
The display quality is stunning! 📺 @techbrand,1
Very disappointed with @company Not what I expected at all 😞,0
Delicious food and great atmosphere! 🍽️ #yum,1
Latest update broke everything! Fix this @developer 😡,0
Gym equipment is top notch! Love it here 💪 #fitness,1
Fantastic service! Really exceeded my expectations 🌟,1
This is the worst purchase I've ever made 💸 #regret,0
Horrible quality! Pictures were misleading 👎,0
Flight delayed 6 hours! No compensation ✈️ @airline angry!,0
Overpriced and tasteless food 🍽️ #notworth,0
Battery dies in 2 hours! False advertising 🔋 #angry,0
Stale desserts! Couldn't finish it 🍰 @bakery gross!,0
This laptop is amazing! Best performance I've seen 💻 #technology,1
Very disappointed with @company Not what I expected at all 😞,0
Don't buy this! It's not worth it #scam,0
